Bruttoleistung,Tag,Solar(GWh),Kumulative_Leistung
6740.335,2018-01-01,31.1,6740.335
29036.321,2018-01-02,17.2,35776.656
7892.901,2018-01-03,13.8,43669.557
8354.947,2018-01-04,9.8,52024.504
10040.686,2018-01-05,19.4,62065.19
385.475,2018-01-06,30.8,62450.665
870.39,2018-01-07,17.9,63321.055
12483.819,2018-01-08,32.0,75804.874
11634.899,2018-01-09,31.1,87439.773
12449.63,2018-01-10,39.9,99889.403
8286.57,2018-01-11,22.2,108175.973
8212.609,2018-01-12,11.6,116388.582
229.705,2018-01-13,12.1,116618.287
124.52,2018-01-14,35.1,116742.807
10926.637,2018-01-15,31.9,127669.444
18739.227,2018-01-16,19.6,146408.671
7322.421,2018-01-17,19.9,153731.092
10460.377,2018-01-18,16.7,164191.469
6402.006,2018-01-19,28.0,170593.475
821.6909999999999,2018-01-20,15.8,171415.166
177.025,2018-01-21,19.3,171592.191
9099.827,2018-01-22,10.2,180692.01799999998
6578.365,2018-01-23,20.0,187270.38299999997
6896.11,2018-01-24,43.3,194166.49299999996
6891.41,2018-01-25,31.8,201057.90299999996
9874.122,2018-01-26,29.2,210932.02499999997
875.785,2018-01-27,27.0,211807.80999999997
91.24,2018-01-28,23.4,211899.04999999996
8525.642,2018-01-29,25.0,220424.69199999995
17496.263,2018-01-30,52.6,237920.95499999996
26432.938,2018-01-31,32.6,264353.893
13679.784,2018-02-01,34.4,278033.67699999997
6882.078,2018-02-02,40.2,284915.75499999995
856.61,2018-02-03,26.5,285772.36499999993
11.315,2018-02-04,27.6,285783.67999999993
29386.132999999998,2018-02-05,56.2,315169.8129999999
20829.176,2018-02-06,70.1,335998.9889999999
5247.6140000000005,2018-02-07,59.0,341246.6029999999
5960.278,2018-02-08,54.6,347206.8809999999
3799.39,2018-02-09,44.7,351006.2709999999
301.455,2018-02-10,25.8,351307.7259999999
17.0,2018-02-11,30.1,351324.7259999999
5181.374,2018-02-12,50.0,356506.0999999999
6102.113,2018-02-13,103.0,362608.21299999993
5559.365,2018-02-14,119.7,368167.5779999999
16954.841,2018-02-15,32.4,385122.41899999994
5490.785,2018-02-16,75.6,390613.2039999999
273.47,2018-02-17,36.4,390886.6739999999
105.845,2018-02-18,62.9,390992.51899999985
3861.483,2018-02-19,62.1,394854.00199999986
8472.85,2018-02-20,69.4,403326.85199999984
10596.527,2018-02-21,96.8,413923.37899999984
5931.036,2018-02-22,93.5,419854.41499999986
3011.811,2018-02-23,111.5,422866.22599999985
891.34,2018-02-24,116.0,423757.5659999999
522.11,2018-02-25,128.8,424279.67599999986
15028.156,2018-02-26,86.1,439307.8319999999
12048.41,2018-02-27,103.3,451356.24199999985
7180.401,2018-02-28,114.2,458536.64299999987
15605.036,2018-03-01,116.5,474141.6789999999
2015.065,2018-03-02,107.7,476156.7439999999
200.128,2018-03-03,81.3,476356.8719999999
19.79,2018-03-04,106.0,476376.6619999999
2489.014,2018-03-05,110.2,478865.6759999999
4151.432,2018-03-06,80.7,483017.1079999999
8189.345,2018-03-07,60.0,491206.45299999986
4322.083,2018-03-08,98.4,495528.53599999985
4504.45,2018-03-09,75.7,500032.98599999986
583.25,2018-03-10,59.1,500616.23599999986
16.2,2018-03-11,88.9,500632.43599999987
3518.93,2018-03-12,52.1,504151.36599999986
3092.438,2018-03-13,55.2,507243.8039999999
5325.734,2018-03-14,75.4,512569.5379999999
12209.448,2018-03-15,114.5,524778.9859999999
3508.34,2018-03-16,51.4,528287.3259999999
366.65,2018-03-17,55.7,528653.9759999999
123.265,2018-03-18,86.8,528777.2409999999
6677.068,2018-03-19,125.7,535454.3089999999
5555.1900000000005,2018-03-20,105.3,541009.4989999998
9109.05,2018-03-21,142.9,550118.5489999999
6707.73,2018-03-22,59.4,556826.2789999999
6491.514,2018-03-23,47.1,563317.7929999998
715.6750000000001,2018-03-24,152.5,564033.4679999999
122.25500000000001,2018-03-25,167.4,564155.7229999999
6688.985,2018-03-26,76.8,570844.7079999999
17984.524,2018-03-27,118.2,588829.2319999998
10829.321,2018-03-28,48.8,599658.5529999998
14415.125,2018-03-29,100.3,614073.6779999998
1710.0259999999998,2018-03-30,153.9,615783.7039999998
6219.535,2018-03-31,78.2,622003.2389999998
1659.6499999999999,2018-04-01,77.5,623662.8889999999
1578.5539999999999,2018-04-02,159.9,625241.4429999999
3573.966,2018-04-03,150.8,628815.4089999999
7378.9310000000005,2018-04-04,146.1,636194.3399999999
4987.286,2018-04-05,104.3,641181.6259999998
7990.452,2018-04-06,228.0,649172.0779999999
240.87,2018-04-07,224.3,649412.9479999999
43.98,2018-04-08,207.9,649456.9279999998
4788.12,2018-04-09,153.7,654245.0479999998
7056.265,2018-04-10,164.3,661301.3129999998
11477.995,2018-04-11,158.7,672779.3079999998
8420.834,2018-04-12,150.3,681200.1419999999
7531.9439999999995,2018-04-13,90.2,688732.0859999999
1201.035,2018-04-14,164.9,689933.1209999999
279.03000000000003,2018-04-15,150.0,690212.151
6252.395,2018-04-16,107.2,696464.546
8053.9890000000005,2018-04-17,205.7,704518.5349999999
13899.256000000001,2018-04-18,225.7,718417.791
12316.777,2018-04-19,226.6,730734.568
8693.553,2018-04-20,224.0,739428.1209999999
468.12,2018-04-21,220.2,739896.2409999999
1596.385,2018-04-22,208.3,741492.6259999999
16289.471,2018-04-23,146.7,757782.097
13589.722,2018-04-24,149.9,771371.8189999999
12095.136,2018-04-25,146.3,783466.955
14650.402,2018-04-26,145.4,798117.357
21137.57,2018-04-27,217.8,819254.9269999999
2457.415,2018-04-28,188.5,821712.342
2298.08,2018-04-29,198.6,824010.4219999999
20613.442,2018-04-30,160.3,844623.864
2245.4,2018-05-01,158.1,846869.264
4947.156,2018-05-02,168.9,851816.4199999999
6556.46,2018-05-03,179.3,858372.8799999999
8388.59,2018-05-04,212.2,866761.4699999999
962.915,2018-05-05,236.2,867724.3849999999
64.66499999999999,2018-05-06,252.6,867789.0499999999
5860.5599999999995,2018-05-07,251.0,873649.61
7889.362,2018-05-08,251.7,881538.972
11192.130000000001,2018-05-09,222.5,892731.102
223.855,2018-05-10,154.4,892954.9569999999
2149.79,2018-05-11,172.2,895104.747
611.815,2018-05-12,213.9,895716.5619999999
96.36,2018-05-13,187.3,895812.9219999999
15150.669,2018-05-14,187.9,910963.5909999999
13023.555,2018-05-15,182.7,923987.146
5988.664,2018-05-16,124.4,929975.8099999999
33698.085,2018-05-17,158.3,963673.8949999999
29234.066,2018-05-18,182.0,992907.9609999999
1057.333,2018-05-19,195.3,993965.2939999999
76.23,2018-05-20,211.0,994041.5239999999
186.15,2018-05-21,252.5,994227.6739999999
14997.938,2018-05-22,216.1,1009225.6119999998
6909.448,2018-05-23,193.0,1016135.0599999998
15396.89,2018-05-24,153.9,1031531.9499999998
20887.705,2018-05-25,210.5,1052419.6549999998
1250.09,2018-05-26,239.9,1053669.7449999999
790.7,2018-05-27,200.6,1054460.4449999998
8891.418,2018-05-28,238.0,1063351.863
7890.747,2018-05-29,212.8,1071242.6099999999
16049.945,2018-05-30,219.8,1087292.555
6579.79,2018-05-31,217.6,1093872.345
16462.398,2018-06-01,172.7,1110334.743
329.51,2018-06-02,161.1,1110664.253
309.57,2018-06-03,199.8,1110973.823
5930.227,2018-06-04,220.2,1116904.05
3931.8650000000002,2018-06-05,207.9,1120835.915
10235.358,2018-06-06,245.4,1131071.273
15988.992,2018-06-07,212.3,1147060.2650000001
12102.245,2018-06-08,205.8,1159162.5100000002
405.98,2018-06-09,200.1,1159568.4900000002
726.385,2018-06-10,184.1,1160294.8750000002
10235.363,2018-06-11,178.3,1170530.2380000001
7685.886,2018-06-12,127.9,1178216.124
12190.343,2018-06-13,93.7,1190406.4670000002
5788.062,2018-06-14,198.1,1196194.529
11416.851,2018-06-15,193.2,1207611.3800000001
869.93,2018-06-16,204.2,1208481.31
134.135,2018-06-17,180.1,1208615.445
15750.925,2018-06-18,175.5,1224366.37
7614.883,2018-06-19,159.9,1231981.253
17403.206000000002,2018-06-20,226.9,1249384.459
16572.186,2018-06-21,191.0,1265956.645
11594.89,2018-06-22,169.8,1277551.535
224.569,2018-06-23,156.5,1277776.1039999998
1577.2949999999998,2018-06-24,136.5,1279353.3989999997
15258.166,2018-06-25,167.5,1294611.5649999997
15587.892,2018-06-26,181.0,1310199.4569999997
20407.529,2018-06-27,228.1,1330606.9859999998
24093.059,2018-06-28,170.4,1354700.0449999997
69918.906,2018-06-29,223.7,1424618.9509999997
25637.284,2018-06-30,258.2,1450256.2349999996
2876.235,2018-07-01,269.4,1453132.4699999997
5292.243,2018-07-02,271.8,1458424.7129999998
5751.303,2018-07-03,254.6,1464176.0159999998
6331.85,2018-07-04,211.3,1470507.866
7367.913,2018-07-05,179.1,1477875.7789999999
5649.523,2018-07-06,165.1,1483525.302
1153.824,2018-07-07,249.0,1484679.126
117.04,2018-07-08,240.5,1484796.166
7311.165,2018-07-09,202.9,1492107.331
8180.693,2018-07-10,130.6,1500288.024
7442.999,2018-07-11,139.0,1507731.023
20158.532,2018-07-12,172.3,1527889.555
6918.155,2018-07-13,230.1,1534807.71
570.48,2018-07-14,219.6,1535378.19
3930.369,2018-07-15,218.8,1539308.559
8388.57,2018-07-16,221.2,1547697.129
7802.006,2018-07-17,216.9,1555499.135
7729.741,2018-07-18,227.4,1563228.876
7858.504,2018-07-19,235.9,1571087.38
9774.215,2018-07-20,222.6,1580861.595
1259.57,2018-07-21,132.0,1582121.165
57.04,2018-07-22,143.6,1582178.205
7765.55,2018-07-23,211.1,1589943.7550000001
9321.844000000001,2018-07-24,239.6,1599265.5990000002
11486.551,2018-07-25,219.3,1610752.1500000001
11502.104,2018-07-26,234.4,1622254.2540000002
20294.382,2018-07-27,221.2,1642548.6360000002
9789.449999999999,2018-07-28,177.2,1652338.0860000001
936.885,2018-07-29,211.5,1653274.9710000001
33510.521,2018-07-30,218.7,1686785.492
70003.734,2018-07-31,218.1,1756789.226
7465.132,2018-08-01,191.8,1764254.358
5956.361,2018-08-02,205.0,1770210.719
8182.393,2018-08-03,225.0,1778393.112
463.13,2018-08-04,200.5,1778856.2419999999
123.72,2018-08-05,205.0,1778979.9619999998
12280.595,2018-08-06,236.7,1791260.5569999998
18011.792999999998,2018-08-07,201.6,1809272.3499999999
5117.6,2018-08-08,178.8,1814389.95
6493.315,2018-08-09,190.5,1820883.265
14847.925,2018-08-10,158.9,1835731.19
1295.42,2018-08-11,192.3,1837026.6099999999
195.13,2018-08-12,223.2,1837221.7399999998
6608.675,2018-08-13,136.7,1843830.4149999998
13021.155,2018-08-14,143.1,1856851.5699999998
9522.354,2018-08-15,149.9,1866373.9239999999
4756.984,2018-08-16,224.6,1871130.9079999998
4838.018,2018-08-17,189.3,1875968.9259999997
609.805,2018-08-18,197.7,1876578.7309999997
62.865,2018-08-19,209.8,1876641.5959999997
5901.15,2018-08-20,152.6,1882542.7459999996
8741.275,2018-08-21,181.0,1891284.0209999995
8939.015,2018-08-22,209.9,1900223.0359999994
7939.985,2018-08-23,169.1,1908163.0209999995
8662.91,2018-08-24,114.2,1916825.9309999994
922.015,2018-08-25,101.7,1917747.9459999993
1457.77,2018-08-26,194.4,1919205.7159999993
36208.478,2018-08-27,127.7,1955414.1939999992
16123.386,2018-08-28,175.0,1971537.5799999991
28161.822,2018-08-29,187.0,1999699.401999999
33956.686,2018-08-30,86.1,2033656.087999999
44538.163,2018-08-31,108.6,2078194.250999999
2434.1820000000002,2018-09-01,129.1,2080628.432999999
36.49,2018-09-02,82.4,2080664.922999999
4208.394,2018-09-03,102.0,2084873.316999999
9639.558,2018-09-04,144.1,2094512.874999999
3565.929,2018-09-05,176.6,2098078.803999999
4017.615,2018-09-06,148.4,2102096.4189999993
3749.78,2018-09-07,108.0,2105846.198999999
431.795,2018-09-08,181.6,2106277.993999999
366.1,2018-09-09,170.8,2106644.093999999
3964.2090000000003,2018-09-10,143.7,2110608.302999999
4844.066,2018-09-11,170.6,2115452.368999999
5429.115,2018-09-12,161.5,2120881.4839999992
5528.715,2018-09-13,93.5,2126410.198999999
5064.92,2018-09-14,113.7,2131475.118999999
1456.667,2018-09-15,138.8,2132931.785999999
300.195,2018-09-16,179.1,2133231.9809999987
4889.28,2018-09-17,178.3,2138121.2609999985
5940.995,2018-09-18,179.6,2144062.2559999987
7581.956,2018-09-19,162.0,2151644.2119999984
4384.213,2018-09-20,163.4,2156028.4249999984
7735.26,2018-09-21,98.6,2163763.684999998
2210.2599999999998,2018-09-22,117.2,2165973.944999998
82.93,2018-09-23,53.2,2166056.874999998
9748.105,2018-09-24,138.2,2175804.979999998
9613.865,2018-09-25,169.0,2185418.8449999983
10140.609,2018-09-26,155.7,2195559.4539999985
15393.274,2018-09-27,165.5,2210952.7279999987
26630.603,2018-09-28,128.5,2237583.330999999
16963.255,2018-09-29,168.4,2254546.5859999987
13838.176,2018-09-30,170.6,2268384.7619999987
3902.399,2018-10-01,80.8,2272287.160999999
2917.154,2018-10-02,58.1,2275204.314999999
93.56,2018-10-03,91.0,2275297.874999999
1670.471,2018-10-04,118.0,2276968.345999999
2815.676,2018-10-05,164.5,2279784.021999999
2047.5300000000002,2018-10-06,132.3,2281831.5519999987
148.755,2018-10-07,97.5,2281980.3069999986
2396.38,2018-10-08,121.9,2284376.6869999985
2934.733,2018-10-09,112.5,2287311.4199999985
4370.725,2018-10-10,138.2,2291682.1449999986
4208.935,2018-10-11,138.9,2295891.0799999987
5152.255,2018-10-12,142.2,2301043.3349999986
643.97,2018-10-13,144.9,2301687.304999999
153.55,2018-10-14,144.6,2301840.8549999986
6301.789,2018-10-15,131.4,2308142.6439999985
6597.269,2018-10-16,114.0,2314739.9129999983
5713.925,2018-10-17,122.8,2320453.837999998
4768.851,2018-10-18,90.1,2325222.688999998
6490.7789999999995,2018-10-19,91.1,2331713.467999998
1050.45,2018-10-20,91.7,2332763.917999998
288.845,2018-10-21,109.2,2333052.7629999984
4164.575,2018-10-22,86.2,2337217.3379999986
12092.011,2018-10-23,29.7,2349309.3489999985
7129.1,2018-10-24,40.6,2356438.4489999986
5921.789,2018-10-25,38.8,2362360.2379999985
14661.84,2018-10-26,54.5,2377022.0779999983
1255.675,2018-10-27,39.2,2378277.752999998
1190.9950000000001,2018-10-28,28.9,2379468.7479999983
14024.025,2018-10-29,16.9,2393492.772999998
28725.488,2018-10-30,45.8,2422218.260999998
38350.573,2018-10-31,82.9,2460568.833999998
3479.545,2018-11-01,47.2,2464048.378999998
2533.825,2018-11-02,59.1,2466582.203999998
176.975,2018-11-03,59.9,2466759.178999998
67.18,2018-11-04,23.4,2466826.3589999983
7680.012,2018-11-05,48.0,2474506.3709999984
2776.5,2018-11-06,74.7,2477282.8709999984
3750.687,2018-11-07,85.0,2481033.5579999983
4534.1,2018-11-08,46.7,2485567.6579999984
4404.739,2018-11-09,36.6,2489972.3969999985
800.335,2018-11-10,37.8,2490772.7319999984
148.98000000000002,2018-11-11,45.1,2490921.7119999984
6053.946,2018-11-12,44.2,2496975.6579999984
4100.75,2018-11-13,24.7,2501076.4079999984
6497.808,2018-11-14,52.1,2507574.2159999986
4779.982,2018-11-15,46.5,2512354.1979999985
6757.598,2018-11-16,80.0,2519111.7959999987
731.15,2018-11-17,85.3,2519842.9459999986
382.38,2018-11-18,73.0,2520225.3259999985
3588.095,2018-11-19,19.9,2523813.4209999987
5421.633,2018-11-20,23.3,2529235.0539999986
6430.847,2018-11-21,17.5,2535665.9009999987
5601.113,2018-11-22,21.8,2541267.0139999986
7148.002,2018-11-23,31.6,2548415.0159999984
1231.615,2018-11-24,17.2,2549646.6309999987
214.21,2018-11-25,22.8,2549860.8409999986
12297.879,2018-11-26,11.7,2562158.719999999
25000.971,2018-11-27,16.9,2587159.6909999987
16085.374,2018-11-28,37.0,2603245.0649999985
17449.179,2018-11-29,33.1,2620694.2439999986
43944.659999999996,2018-11-30,13.1,2664638.9039999987
2006.3899999999999,2018-12-01,28.8,2666645.293999999
49.1,2018-12-02,8.5,2666694.393999999
3387.434,2018-12-03,18.7,2670081.827999999
6523.686,2018-12-04,32.7,2676605.513999999
4920.0599999999995,2018-12-05,34.5,2681525.573999999
26038.49,2018-12-06,11.5,2707564.0639999993
11890.032,2018-12-07,12.3,2719454.0959999994
1883.905,2018-12-08,19.1,2721338.000999999
23.68,2018-12-09,12.1,2721361.6809999994
6200.8150000000005,2018-12-10,25.0,2727562.4959999993
14822.677000000001,2018-12-11,19.6,2742385.1729999995
26548.984,2018-12-12,18.3,2768934.1569999997
24241.4,2018-12-13,20.8,2793175.5569999996
20762.665,2018-12-14,10.2,2813938.2219999996
697.49,2018-12-15,9.8,2814635.712
1151.845,2018-12-16,8.3,2815787.557
14585.155,2018-12-17,13.5,2830372.712
21659.923000000003,2018-12-18,32.9,2852032.635
13780.56,2018-12-19,10.4,2865813.195
24657.45,2018-12-20,19.4,2890470.645
45473.103,2018-12-21,6.9,2935943.748
2028.867,2018-12-22,12.2,2937972.615
832.16,2018-12-23,10.0,2938804.7750000004
3620.6150000000002,2018-12-24,20.4,2942425.3900000006
17.865000000000002,2018-12-25,19.9,2942443.255000001
15.7,2018-12-26,25.6,2942458.955000001
10066.176,2018-12-27,29.2,2952525.131000001
8122.91,2018-12-28,29.1,2960648.041000001
3595.0950000000003,2018-12-29,11.0,2964243.1360000013
2185.04,2018-12-30,13.1,2966428.1760000014
29285.399999999998,2018-12-31,9.8,2995713.5760000013
10174.454,2019-01-01,10.7,3005888.030000001
36578.098,2019-01-02,33.0,3042466.1280000014
11691.34,2019-01-03,23.9,3054157.4680000013
7644.723,2019-01-04,10.1,3061802.1910000015
342.21,2019-01-05,7.2,3062144.4010000015
317.635,2019-01-06,12.5,3062462.0360000012
35867.503,2019-01-07,11.0,3098329.5390000013
15380.045,2019-01-08,14.3,3113709.584000001
14220.28,2019-01-09,13.8,3127929.864000001
17002.655,2019-01-10,11.6,3144932.519000001
14397.265,2019-01-11,5.7,3159329.784000001
2343.965,2019-01-12,7.3,3161673.749000001
934.5600000000001,2019-01-13,6.4,3162608.309000001
19621.527,2019-01-14,26.8,3182229.8360000006
29500.692,2019-01-15,16.0,3211730.5280000004
14723.876,2019-01-16,32.9,3226454.4040000006
14315.054,2019-01-17,21.3,3240769.4580000006
17540.925,2019-01-18,50.2,3258310.3830000004
3093.58,2019-01-19,66.8,3261403.9630000005
2635.7599999999998,2019-01-20,56.7,3264039.723
20837.464,2019-01-21,54.8,3284877.1870000004
26434.915,2019-01-22,39.7,3311312.1020000004
23731.876,2019-01-23,28.6,3335043.9780000006
26187.647,2019-01-24,15.4,3361231.6250000005
38852.809,2019-01-25,17.2,3400084.4340000004
4827.49,2019-01-26,12.2,3404911.9240000006
3430.04,2019-01-27,25.4,3408341.9640000006
51802.917,2019-01-28,25.8,3460144.8810000005
54578.079,2019-01-29,38.1,3514722.9600000004
113975.902,2019-01-30,35.9,3628698.8620000007
196665.205,2019-01-31,57.7,3825364.0670000007
2930.525,2019-02-01,21.6,3828294.5920000006
211.12900000000002,2019-02-02,21.2,3828505.721000001
42.79,2019-02-03,20.7,3828548.511000001
7123.412,2019-02-04,59.9,3835671.923000001
2789.396,2019-02-05,37.3,3838461.319000001
2622.27,2019-02-06,57.9,3841083.589000001
2119.37,2019-02-07,29.3,3843202.959000001
7289.793000000001,2019-02-08,58.9,3850492.7520000013
2510.44,2019-02-09,60.7,3853003.192000001
124.66,2019-02-10,26.8,3853127.8520000014
3378.166,2019-02-11,42.5,3856506.0180000016
9247.143,2019-02-12,49.3,3865753.1610000017
15963.014,2019-02-13,76.3,3881716.1750000017
5454.12,2019-02-14,109.0,3887170.295000002
9505.459,2019-02-15,133.9,3896675.7540000016
414.015,2019-02-16,135.3,3897089.7690000017
341.62,2019-02-17,129.1,3897431.389000002
5229.055,2019-02-18,138.4,3902660.444000002
4273.323,2019-02-19,70.5,3906933.767000002
8388.88,2019-02-20,79.6,3915322.6470000017
7159.567,2019-02-21,67.4,3922482.2140000015
7309.74,2019-02-22,50.4,3929791.954000002
1469.4950000000001,2019-02-23,136.0,3931261.449000002
228.19,2019-02-24,135.2,3931489.639000002
16854.548,2019-02-25,147.1,3948344.187000002
21001.386,2019-02-26,139.0,3969345.5730000017
40553.599,2019-02-27,158.3,4009899.1720000017
147069.499,2019-02-28,128.7,4156968.6710000015
3960.619,2019-03-01,33.8,4160929.2900000014
414.855,2019-03-02,37.3,4161344.1450000014
65.155,2019-03-03,51.5,4161409.300000001
1625.76,2019-03-04,63.9,4163035.060000001
2465.047,2019-03-05,74.1,4165500.107000001
5501.082,2019-03-06,106.0,4171001.1890000007
3424.11,2019-03-07,74.0,4174425.2990000006
3672.024,2019-03-08,88.4,4178097.323000001
450.917,2019-03-09,62.8,4178548.2400000007
941.705,2019-03-10,54.4,4179489.9450000008
3039.84,2019-03-11,70.6,4182529.7850000006
5191.006,2019-03-12,117.5,4187720.7910000007
3546.91,2019-03-13,84.5,4191267.701000001
3154.5,2019-03-14,36.1,4194422.201000001
4785.46,2019-03-15,38.3,4199207.661000001
314.355,2019-03-16,56.2,4199522.016000002
210.145,2019-03-17,109.3,4199732.161000001
12392.61,2019-03-18,108.0,4212124.771000002
7581.35,2019-03-19,143.4,4219706.121000001
7329.944,2019-03-20,170.2,4227036.065000001
8752.491,2019-03-21,174.8,4235788.556000002
10302.86,2019-03-22,174.1,4246091.416000002
1822.153,2019-03-23,164.3,4247913.569000002
136.445,2019-03-24,145.6,4248050.014000002
11049.594000000001,2019-03-25,115.5,4259099.608000002
15067.61,2019-03-26,91.1,4274167.218000002
22655.785,2019-03-27,97.4,4296823.003000002
40161.572,2019-03-28,108.5,4336984.575000002
88923.636,2019-03-29,185.2,4425908.211000002
32903.025,2019-03-30,216.4,4458811.236000002
26108.81,2019-03-31,178.9,4484920.046000002
5820.577,2019-04-01,226.8,4490740.623000002
3269.255,2019-04-02,186.6,4494009.878000001
4151.877,2019-04-03,126.4,4498161.755000002
5382.232,2019-04-04,112.9,4503543.987000002
3799.2000000000003,2019-04-05,84.2,4507343.187000002
804.965,2019-04-06,183.4,4508148.152000002
41.02,2019-04-07,198.0,4508189.172000001
4356.704,2019-04-08,154.2,4512545.876000001
4215.855,2019-04-09,154.5,4516761.731000002
4519.03,2019-04-10,163.4,4521280.761000002
6790.739,2019-04-11,159.1,4528071.500000002
5424.258,2019-04-12,118.6,4533495.758000002
1756.84,2019-04-13,130.0,4535252.598000002
228.86,2019-04-14,122.1,4535481.458000002
16025.905,2019-04-15,238.6,4551507.363000003
6136.956,2019-04-16,234.3,4557644.319000003
15100.507,2019-04-17,212.9,4572744.826000003
7832.251,2019-04-18,248.6,4580577.077000003
1615.905,2019-04-19,252.0,4582192.982000004
1594.865,2019-04-20,252.2,4583787.847000004
39.6,2019-04-21,253.9,4583827.447000003
286.62,2019-04-22,250.6,4584114.0670000035
15314.19,2019-04-23,197.9,4599428.257000004
8941.7,2019-04-24,220.2,4608369.957000004
20082.877,2019-04-25,224.4,4628452.834000004
16448.978,2019-04-26,114.4,4644901.812000005
1123.62,2019-04-27,133.5,4646025.432000005
447.595,2019-04-28,141.4,4646473.027000004
32697.806,2019-04-29,107.9,4679170.833000004
71986.284,2019-04-30,209.7,4751157.117000004
1407.63,2019-05-01,198.0,4752564.747000004
3589.768,2019-05-02,175.3,4756154.515000004
6631.487,2019-05-03,133.3,4762786.002000004
209.70499999999998,2019-05-04,123.3,4762995.707000004
401.589,2019-05-05,162.2,4763397.296000004
3451.415,2019-05-06,148.8,4766848.711000004
8687.512,2019-05-07,185.3,4775536.223000004
5975.0,2019-05-08,120.6,4781511.223000004
4449.513,2019-05-09,151.5,4785960.736000004
4361.147,2019-05-10,153.0,4790321.883000004
395.53000000000003,2019-05-11,116.1,4790717.413000004
124.25,2019-05-12,190.6,4790841.663000004
8124.525,2019-05-13,252.4,4798966.188000005
4481.375,2019-05-14,218.1,4803447.563000005
14776.804,2019-05-15,189.8,4818224.367000004
3394.845,2019-05-16,102.1,4821619.212000004
9968.09,2019-05-17,180.7,4831587.302000004
869.45,2019-05-18,246.5,4832456.752000004
115.87,2019-05-19,219.8,4832572.622000004
7038.675,2019-05-20,107.1,4839611.297000004
7546.772,2019-05-21,89.3,4847158.069000004
7274.874,2019-05-22,107.3,4854432.943000004
9543.79,2019-05-23,254.1,4863976.733000004
11834.382,2019-05-24,240.5,4875811.115000004
1699.878,2019-05-25,183.6,4877510.9930000035
598.995,2019-05-26,205.5,4878109.988000004
12733.115,2019-05-27,162.1,4890843.103000004
23363.747,2019-05-28,128.7,4914206.850000004
42512.897,2019-05-29,193.9,4956719.747000004
10499.99,2019-05-30,201.6,4967219.737000004
50381.627,2019-05-31,177.9,5017601.364000005
2072.451,2019-06-01,259.0,5019673.815000005
159.85999999999999,2019-06-02,270.5,5019833.675000005
4517.87,2019-06-03,223.6,5024351.5450000055
4335.37,2019-06-04,249.8,5028686.915000006
6223.848,2019-06-05,248.9,5034910.763000006
5273.355,2019-06-06,142.8,5040184.118000006
4705.503,2019-06-07,255.4,5044889.621000006
551.21,2019-06-08,200.0,5045440.831000006
49.725,2019-06-09,235.6,5045490.556000005
720.41,2019-06-10,159.6,5046210.966000006
4858.946,2019-06-11,172.4,5051069.912000006
4858.336,2019-06-12,147.9,5055928.248000006
6994.065,2019-06-13,242.9,5062922.313000007
8218.474,2019-06-14,227.0,5071140.787000007
1072.615,2019-06-15,201.0,5072213.402000007
218.87,2019-06-16,161.4,5072432.272000007
15111.761,2019-06-17,255.0,5087544.033000007
19888.377,2019-06-18,252.7,5107432.410000008
9982.383,2019-06-19,239.7,5117414.793000008
5631.04,2019-06-20,171.2,5123045.833000008
8063.81,2019-06-21,216.4,5131109.643000008
600.102,2019-06-22,202.2,5131709.745000008
176.115,2019-06-23,236.9,5131885.860000008
10078.37,2019-06-24,274.0,5141964.230000008
12800.625,2019-06-25,263.0,5154764.855000008
11274.405,2019-06-26,257.9,5166039.260000008
18748.87,2019-06-27,253.8,5184788.130000008
56280.699,2019-06-28,265.7,5241068.829000008
18720.595,2019-06-29,280.1,5259789.424000008
15087.269,2019-06-30,268.2,5274876.693000008
14608.604000000001,2019-07-01,208.4,5289485.297000009
5380.992,2019-07-02,230.5,5294866.289000008
7365.073,2019-07-03,241.7,5302231.362000008
6568.936,2019-07-04,263.1,5308800.298000008
5447.017,2019-07-05,201.9,5314247.315000008
447.195,2019-07-06,195.6,5314694.510000008
124.53,2019-07-07,157.5,5314819.040000008
4850.298,2019-07-08,171.5,5319669.338000009
5447.357,2019-07-09,187.2,5325116.695000009
6834.19,2019-07-10,247.4,5331950.885000009
6366.087,2019-07-11,129.7,5338316.972000009
5851.107,2019-07-12,150.6,5344168.079000009
1198.725,2019-07-13,144.2,5345366.804000009
216.345,2019-07-14,138.8,5345583.149000009
7859.615,2019-07-15,156.7,5353442.764000009
5360.85,2019-07-16,194.9,5358803.614000008
10910.305,2019-07-17,219.4,5369713.919000008
7417.333,2019-07-18,228.0,5377131.252000008
7414.395,2019-07-19,167.0,5384545.647000007
820.95,2019-07-20,216.0,5385366.5970000075
104.49000000000001,2019-07-21,202.0,5385471.087000008
7610.825,2019-07-22,209.4,5393081.912000008
7361.671,2019-07-23,261.7,5400443.583000008
10821.762,2019-07-24,256.6,5411265.345000008
13872.68,2019-07-25,246.8,5425138.025000008
12508.675,2019-07-26,239.7,5437646.700000008
1109.95,2019-07-27,188.2,5438756.650000008
1763.925,2019-07-28,144.7,5440520.575000008
17614.877,2019-07-29,145.4,5458135.452000008
28410.709,2019-07-30,184.5,5486546.161000008
66648.82400000001,2019-07-31,143.6,5553194.985000008
15817.571999999998,2019-08-01,203.9,5569012.5570000075
3138.238,2019-08-02,172.9,5572150.795000007
665.487,2019-08-03,169.1,5572816.282000007
48.98,2019-08-04,219.3,5572865.262000008
13511.668,2019-08-05,151.8,5586376.930000007
10616.084,2019-08-06,175.5,5596993.014000007
8002.595,2019-08-07,113.5,5604995.609000007
4497.22,2019-08-08,209.1,5609492.829000006
4182.72,2019-08-09,180.1,5613675.549000006
794.635,2019-08-10,137.8,5614470.184000006
135.66,2019-08-11,216.2,5614605.844000006
4968.91,2019-08-12,139.9,5619574.754000006
6085.963,2019-08-13,170.7,5625660.717000007
14662.619,2019-08-14,212.2,5640323.336000007
15590.455,2019-08-15,118.1,5655913.791000007
11188.587,2019-08-16,194.4,5667102.378000007
861.395,2019-08-17,104.2,5667963.773000007
175.56,2019-08-18,164.2,5668139.333000006
5845.984,2019-08-19,169.5,5673985.317000006
7477.103,2019-08-20,115.9,5681462.420000006
7764.149,2019-08-21,210.4,5689226.569000007
7202.725,2019-08-22,228.0,5696429.294000006
7098.01,2019-08-23,223.3,5703527.304000006
1512.1100000000001,2019-08-24,220.7,5705039.414000006
179.615,2019-08-25,209.4,5705219.029000007
10890.899,2019-08-26,204.6,5716109.928000007
11701.057,2019-08-27,200.7,5727810.985000007
24388.614,2019-08-28,180.6,5752199.599000007
52929.431,2019-08-29,155.6,5805129.030000007
57984.041,2019-08-30,200.8,5863113.071000007
28150.005999999998,2019-08-31,216.5,5891263.077000007
1568.125,2019-09-01,143.9,5892831.202000007
5579.452,2019-09-02,167.0,5898410.654000007
3808.135,2019-09-03,175.1,5902218.789000006
8180.62,2019-09-04,202.5,5910399.4090000065
4647.539,2019-09-05,127.9,5915046.948000006
6532.514,2019-09-06,162.5,5921579.462000007
285.895,2019-09-07,95.5,5921865.357000006
92.898,2019-09-08,95.1,5921958.255000006
4625.854,2019-09-09,74.7,5926584.109000007
6299.7919999999995,2019-09-10,179.3,5932883.901000007
5683.8189999999995,2019-09-11,176.6,5938567.720000007
9084.896,2019-09-12,143.1,5947652.616000007
8213.858,2019-09-13,136.6,5955866.474000007
1225.635,2019-09-14,192.8,5957092.109000007
346.185,2019-09-15,186.8,5957438.294000006
6133.087,2019-09-16,107.7,5963571.381000007
5691.635,2019-09-17,128.3,5969263.016000006
8074.722,2019-09-18,180.2,5977337.738000006
7692.87,2019-09-19,186.5,5985030.6080000065
10395.696,2019-09-20,180.3,5995426.304000007
13417.84,2019-09-21,202.7,6008844.144000007
409.28,2019-09-22,166.6,6009253.424000007
6682.427,2019-09-23,84.5,6015935.851000007
8364.23,2019-09-24,104.4,6024300.081000008
10415.275,2019-09-25,84.4,6034715.356000008
11101.853000000001,2019-09-26,71.8,6045817.209000008
31721.885000000002,2019-09-27,76.8,6077539.094000008
8212.97,2019-09-28,109.9,6085752.064000008
2444.045,2019-09-29,101.2,6088196.109000008
90680.41100000001,2019-09-30,100.2,6178876.520000008
4910.349,2019-10-01,84.2,6183786.869000008
12311.34,2019-10-02,87.1,6196098.209000008
195.62,2019-10-03,90.1,6196293.829000008
1577.585,2019-10-04,50.0,6197871.414000008
622.363,2019-10-05,66.3,6198493.777000008
97.44500000000001,2019-10-06,70.5,6198591.222000008
8066.61,2019-10-07,105.8,6206657.832000009
6062.171,2019-10-08,41.4,6212720.003000009
4764.915,2019-10-09,58.7,6217484.918000009
13915.164,2019-10-10,86.3,6231400.082000009
9328.585000000001,2019-10-11,89.3,6240728.667000009
766.435,2019-10-12,124.1,6241495.102000008
108.095,2019-10-13,123.7,6241603.197000008
5280.239,2019-10-14,141.2,6246883.436000008
7032.949,2019-10-15,107.4,6253916.385000008
5046.458,2019-10-16,85.9,6258962.843000008
27246.184,2019-10-17,83.2,6286209.027000008
5738.313,2019-10-18,82.8,6291947.340000008
7579.222000000001,2019-10-19,48.3,6299526.562000008
345.061,2019-10-20,75.4,6299871.623000008
7257.966,2019-10-21,62.7,6307129.589000008
11272.166000000001,2019-10-22,76.3,6318401.755000008
14773.496,2019-10-23,72.1,6333175.251000009
16885.627,2019-10-24,68.2,6350060.878000009
14549.205,2019-10-25,88.0,6364610.083000009
8673.875,2019-10-26,107.4,6373283.958000009
357.267,2019-10-27,65.3,6373641.225000009
13326.35,2019-10-28,74.5,6386967.575000009
46832.12,2019-10-29,63.3,6433799.695000009
69924.743,2019-10-30,84.5,6503724.438000008
59599.106,2019-10-31,108.2,6563323.544000008
3857.08,2019-11-01,40.4,6567180.624000008
375.925,2019-11-02,43.7,6567556.549000008
134.95,2019-11-03,37.4,6567691.499000008
4644.217,2019-11-04,50.2,6572335.716000008
4773.84,2019-11-05,38.2,6577109.556000008
6741.66,2019-11-06,33.5,6583851.216000008
4297.813,2019-11-07,58.7,6588149.0290000085
5481.056,2019-11-08,35.0,6593630.085000008
649.655,2019-11-09,32.8,6594279.740000009
120.98,2019-11-10,67.3,6594400.720000009
5220.722,2019-11-11,41.3,6599621.442000009
5027.431,2019-11-12,38.7,6604648.873000009
4617.453,2019-11-13,32.1,6609266.326000009
9700.994,2019-11-14,74.9,6618967.320000009
7456.784,2019-11-15,26.5,6626424.104000009
1214.6599999999999,2019-11-16,34.6,6627638.764000009
365.44,2019-11-17,21.6,6628004.204000009
5251.66,2019-11-18,31.2,6633255.864000009
6278.865,2019-11-19,39.2,6639534.72900001
6007.012,2019-11-20,23.2,6645541.74100001
7741.057,2019-11-21,20.5,6653282.79800001
7331.819,2019-11-22,31.7,6660614.61700001
1022.94,2019-11-23,50.8,6661637.55700001
179.68,2019-11-24,41.0,6661817.23700001
6710.381,2019-11-25,14.9,6668527.61800001
10846.355,2019-11-26,23.9,6679373.9730000105
13262.633,2019-11-27,17.6,6692636.606000011
22352.366,2019-11-28,26.5,6714988.972000011
29291.375,2019-11-29,32.8,6744280.347000011
28376.715,2019-11-30,50.0,6772657.062000011
1716.18,2019-12-01,22.8,6774373.242000011
3565.25,2019-12-02,32.9,6777938.492000011
5130.919,2019-12-03,36.3,6783069.411000011
6746.72,2019-12-04,62.2,6789816.13100001
9174.332,2019-12-05,49.0,6798990.463000011
4588.849,2019-12-06,33.0,6803579.312000011
387.74,2019-12-07,20.3,6803967.052000011
261.015,2019-12-08,25.4,6804228.067000011
4346.274,2019-12-09,31.2,6808574.341000011
14898.765000000001,2019-12-10,47.6,6823473.106000011
4459.132,2019-12-11,22.7,6827932.238000011
7589.175,2019-12-12,17.5,6835521.413000011
5582.984,2019-12-13,17.9,6841104.397000011
693.309,2019-12-14,23.8,6841797.706000011
10972.235,2019-12-15,29.8,6852769.941000012
17510.113,2019-12-16,29.7,6870280.054000012
14031.817,2019-12-17,35.3,6884311.871000011
40490.059,2019-12-18,32.1,6924801.930000012
13919.604,2019-12-19,45.0,6938721.534000012
23425.287,2019-12-20,29.3,6962146.821000012
1853.23,2019-12-21,33.3,6964000.051000012
52.31,2019-12-22,16.8,6964052.361000012
23321.905,2019-12-23,17.6,6987374.266000012
140.805,2019-12-24,19.9,6987515.071000012
38.16,2019-12-25,14.2,6987553.231000012
296.5,2019-12-26,28.9,6987849.731000012
8456.17,2019-12-27,22.2,6996305.901000012
1030.365,2019-12-28,38.4,6997336.266000012
259.37,2019-12-29,58.1,6997595.636000012
18670.04,2019-12-30,56.4,7016265.676000012
4128.075,2019-12-31,38.7,7020393.751000012
6345.049,2020-01-01,54.0,7026738.800000012
26742.006,2020-01-02,42.1,7053480.806000012
9634.718,2020-01-03,19.4,7063115.524000012
1898.105,2020-01-04,13.9,7065013.629000013
424.42,2020-01-05,26.4,7065438.049000013
12274.842,2020-01-06,40.4,7077712.891000013
22473.693,2020-01-07,16.2,7100186.584000013
17982.899,2020-01-08,10.3,7118169.483000013
11764.231,2020-01-09,25.8,7129933.714000013
17020.33,2020-01-10,32.5,7146954.044000013
545.39,2020-01-11,39.2,7147499.434000012
213.68,2020-01-12,36.4,7147713.114000012
10814.223,2020-01-13,28.2,7158527.337000012
10160.944,2020-01-14,40.6,7168688.2810000125
18128.351,2020-01-15,68.1,7186816.632000012
9845.574,2020-01-16,69.8,7196662.206000012
15509.835,2020-01-17,59.3,7212172.041000012
1527.415,2020-01-18,31.9,7213699.456000012
557.515,2020-01-19,32.6,7214256.971000012
36839.419,2020-01-20,47.9,7251096.390000012
15401.119,2020-01-21,68.7,7266497.509000012
17429.850000000002,2020-01-22,26.8,7283927.359000011
13735.597,2020-01-23,30.6,7297662.956000011
18218.257,2020-01-24,49.6,7315881.213000012
1568.665,2020-01-25,30.4,7317449.878000012
141.025,2020-01-26,39.8,7317590.903000012
21965.955,2020-01-27,42.4,7339556.858000012
31742.935,2020-01-28,26.6,7371299.793000012
27545.347,2020-01-29,26.6,7398845.140000012
49729.708,2020-01-30,48.9,7448574.848000011
89722.925,2020-01-31,37.7,7538297.773000011
2770.415,2020-02-01,34.7,7541068.188000011
200.875,2020-02-02,18.7,7541269.063000011
10784.627,2020-02-03,22.8,7552053.690000012
31236.88,2020-02-04,51.5,7583290.5700000115
15960.18,2020-02-05,92.2,7599250.750000011
4928.016,2020-02-06,66.8,7604178.766000011
4185.64,2020-02-07,81.1,7608364.406000011
684.504,2020-02-08,92.7,7609048.91000001
49.72,2020-02-09,84.7,7609098.63000001
4217.752,2020-02-10,58.2,7613316.38200001
5082.736,2020-02-11,55.5,7618399.11800001
4924.187,2020-02-12,56.0,7623323.30500001
7660.895,2020-02-13,44.6,7630984.2000000095
6985.929,2020-02-14,36.5,7637970.129000009
1197.33,2020-02-15,101.5,7639167.459000009
123.26,2020-02-16,46.6,7639290.719000009
6402.8,2020-02-17,48.2,7645693.519000009
7318.676,2020-02-18,73.2,7653012.195000009
8858.727,2020-02-19,61.1,7661870.922000009
9928.221,2020-02-20,49.7,7671799.143000009
9881.498,2020-02-21,100.3,7681680.641000008
1461.285,2020-02-22,83.6,7683141.926000008
189.85999999999999,2020-02-23,21.3,7683331.786000009
22104.718,2020-02-24,46.2,7705436.504000009
13277.895,2020-02-25,65.9,7718714.399000009
12432.39,2020-02-26,60.7,7731146.789000008
22431.239,2020-02-27,53.3,7753578.028000008
65311.96,2020-02-28,86.0,7818889.988000008
20727.141,2020-02-29,78.1,7839617.129000008
2012.705,2020-03-01,105.1,7841629.834000008
6329.819,2020-03-02,103.4,7847959.653000008
5508.9039999999995,2020-03-03,74.3,7853468.557000008
6124.106,2020-03-04,90.3,7859592.663000008
6411.656,2020-03-05,82.0,7866004.3190000085
12229.613000000001,2020-03-06,38.7,7878233.932000008
1704.131,2020-03-07,74.6,7879938.063000008
234.675,2020-03-08,111.2,7880172.738000008
16945.118000000002,2020-03-09,83.4,7897117.856000008
6927.979,2020-03-10,32.3,7904045.835000008
5936.063,2020-03-11,85.1,7909981.898000008
6738.828,2020-03-12,119.1,7916720.726000008
7688.487,2020-03-13,126.0,7924409.213000008
1086.38,2020-03-14,158.4,7925495.593000008
601.87,2020-03-15,186.1,7926097.463000008
10759.369999999999,2020-03-16,187.4,7936856.833000008
14701.748,2020-03-17,124.0,7951558.581000008
14881.146,2020-03-18,173.2,7966439.727000007
9631.173999999999,2020-03-19,153.9,7976070.901000007
10288.535,2020-03-20,111.9,7986359.436000007
2259.96,2020-03-21,96.3,7988619.396000007
413.125,2020-03-22,223.9,7989032.521000007
11121.941,2020-03-23,241.4,8000154.462000007
8978.443,2020-03-24,238.6,8009132.905000007
11514.474,2020-03-25,237.9,8020647.379000007
21315.775,2020-03-26,200.2,8041963.154000008
28882.881,2020-03-27,220.2,8070846.035000008
4352.12,2020-03-28,223.2,8075198.155000008
648.577,2020-03-29,84.1,8075846.732000007
42342.839,2020-03-30,174.6,8118189.571000007
85062.32,2020-03-31,189.9,8203251.891000007
8836.426,2020-04-01,224.9,8212088.317000007
5741.4980000000005,2020-04-02,203.3,8217829.815000007
7314.634,2020-04-03,145.9,8225144.449000007
1563.618,2020-04-04,224.1,8226708.067000006
189.47,2020-04-05,253.5,8226897.537000006
7297.214,2020-04-06,249.3,8234194.751000006
21076.819,2020-04-07,237.9,8255271.570000006
8749.863,2020-04-08,240.0,8264021.433000006
15024.184,2020-04-09,223.9,8279045.617000006
576.461,2020-04-10,238.1,8279622.078000006
817.696,2020-04-11,249.3,8280439.774000007
139.4,2020-04-12,223.7,8280579.174000007
381.08,2020-04-13,173.9,8280960.254000007
8422.108,2020-04-14,198.1,8289382.362000007
9485.582,2020-04-15,245.3,8298867.944000008
7639.582,2020-04-16,243.9,8306507.526000008
8176.441,2020-04-17,244.2,8314683.967000008
1994.895,2020-04-18,206.4,8316678.862000007
503.655,2020-04-19,224.6,8317182.517000007
11251.455,2020-04-20,268.2,8328433.9720000075
18737.253,2020-04-21,269.4,8347171.225000007
14048.578,2020-04-22,278.0,8361219.803000007
21026.172000000002,2020-04-23,271.7,8382245.975000007
16567.712,2020-04-24,232.9,8398813.687000006
3835.059,2020-04-25,224.9,8402648.746000007
7582.18,2020-04-26,250.1,8410230.926000006
20626.285,2020-04-27,237.2,8430857.211000007
24391.54,2020-04-28,157.0,8455248.751000006
32655.847,2020-04-29,123.2,8487904.598000005
98607.874,2020-04-30,133.0,8586512.472000005
2371.325,2020-05-01,158.7,8588883.797000004
431.64,2020-05-02,153.4,8589315.437000005
170.85500000000002,2020-05-03,188.1,8589486.292000005
7193.607,2020-05-04,148.4,8596679.899000006
13705.248000000001,2020-05-05,212.5,8610385.147000005
31518.698,2020-05-06,279.6,8641903.845000006
18554.371,2020-05-07,269.2,8660458.216000006
7903.35,2020-05-08,268.4,8668361.566000005
1112.588,2020-05-09,215.5,8669474.154000005
934.83,2020-05-10,173.5,8670408.984000005
9469.149,2020-05-11,87.9,8679878.133000005
8564.669,2020-05-12,226.5,8688442.802000005
19152.574,2020-05-13,157.0,8707595.376000004
15073.881,2020-05-14,183.8,8722669.257000003
10282.937,2020-05-15,197.5,8732952.194000004
1858.897,2020-05-16,255.6,8734811.091000004
476.73,2020-05-17,268.2,8735287.821000004
10845.818,2020-05-18,257.3,8746133.639000004
28286.100000000002,2020-05-19,240.7,8774419.739000004
14153.177,2020-05-20,189.5,8788572.916000003
645.237,2020-05-21,282.9,8789218.153000003
11017.494999999999,2020-05-22,164.7,8800235.648000002
3008.233,2020-05-23,118.7,8803243.881000001
712.677,2020-05-24,190.4,8803956.558
14219.533,2020-05-25,164.3,8818176.091
23568.964,2020-05-26,241.2,8841745.055
37849.231,2020-05-27,271.4,8879594.286
62397.326,2020-05-28,256.9,8941991.612
64706.93,2020-05-29,260.2,9006698.542
42435.643000000004,2020-05-30,235.5,9049134.184999999
15467.210000000001,2020-05-31,251.7,9064601.395
68988.167,2020-06-01,307.9,9133589.561999999
9299.587,2020-06-02,293.3,9142889.148999998
8527.57,2020-06-03,247.6,9151416.718999999
6996.768,2020-06-04,108.6,9158413.486999998
7563.687,2020-06-05,150.6,9165977.173999999
974.2860000000001,2020-06-06,173.5,9166951.459999999
683.41,2020-06-07,140.1,9167634.87
10376.18,2020-06-08,192.6,9178011.049999999
7510.592,2020-06-09,137.1,9185521.641999999
12398.012,2020-06-10,122.4,9197919.654
5026.183,2020-06-11,134.6,9202945.837
8551.448,2020-06-12,264.8,9211497.285
1676.295,2020-06-13,235.6,9213173.58
445.234,2020-06-14,93.5,9213618.814
12843.753,2020-06-15,145.9,9226462.567
9103.495,2020-06-16,173.5,9235566.061999999
10044.812,2020-06-17,200.2,9245610.874
11979.041,2020-06-18,182.3,9257589.915
15659.367,2020-06-19,162.5,9273249.282
3267.91,2020-06-20,180.6,9276517.192
291.08,2020-06-21,240.0,9276808.272
13044.901,2020-06-22,239.7,9289853.173
10301.842,2020-06-23,296.3,9300155.015
25522.198,2020-06-24,285.7,9325677.213000001
21119.667,2020-06-25,246.7,9346796.88
26949.16,2020-06-26,265.6,9373746.040000001
7479.457,2020-06-27,241.2,9381225.497000001
2402.083,2020-06-28,175.1,9383627.580000002
40421.919,2020-06-29,203.5,9424049.499000002
99166.416,2020-06-30,221.9,9523215.915000001
24759.708,2020-07-01,216.3,9547975.623000002
8716.111,2020-07-02,189.7,9556691.734000001
7138.482,2020-07-03,217.0,9563830.216000002
1007.325,2020-07-04,221.6,9564837.541000001
200.68,2020-07-05,179.0,9565038.221
7268.238,2020-07-06,218.1,9572306.459
6610.195,2020-07-07,236.2,9578916.654000001
17447.055,2020-07-08,155.5,9596363.709
12100.826000000001,2020-07-09,177.0,9608464.535
9859.53,2020-07-10,180.8,9618324.065
803.053,2020-07-11,205.5,9619127.117999999
632.0550000000001,2020-07-12,257.2,9619759.172999999
9516.305,2020-07-13,286.9,9629275.477999998
10855.463,2020-07-14,226.7,9640130.940999998
13878.415,2020-07-15,134.7,9654009.355999997
10373.843,2020-07-16,114.4,9664383.198999997
17051.492000000002,2020-07-17,191.0,9681434.690999998
1874.309,2020-07-18,229.2,9683308.999999998
751.182,2020-07-19,240.5,9684060.181999998
13894.342,2020-07-20,228.3,9697954.523999998
9855.853,2020-07-21,252.2,9707810.376999998
14526.579,2020-07-22,256.6,9722336.955999998
13206.053,2020-07-23,253.3,9735543.008999998
30758.862,2020-07-24,194.0,9766301.870999997
4519.027,2020-07-25,196.7,9770820.897999998
548.755,2020-07-26,176.0,9771369.652999999
15956.141,2020-07-27,212.1,9787325.794
14500.0,2020-07-28,210.1,9801825.794
21358.484,2020-07-29,252.6,9823184.277999999
50225.194,2020-07-30,275.2,9873409.472
72659.641,2020-07-31,277.7,9946069.113
3817.56,2020-08-01,226.3,9949886.673
260.33,2020-08-02,124.1,9950147.003
11699.230000000001,2020-08-03,147.0,9961846.233000001
12896.065,2020-08-04,164.0,9974742.298
6728.518,2020-08-05,266.6,9981470.816
12317.839,2020-08-06,275.9,9993788.655
7024.909,2020-08-07,265.9,10000813.564
1364.84,2020-08-08,255.9,10002178.404
206.687,2020-08-09,226.9,10002385.091
5805.077,2020-08-10,215.2,10008190.168
10619.653,2020-08-11,230.4,10018809.821
7432.064,2020-08-12,238.7,10026241.885
6867.524,2020-08-13,157.7,10033109.409
19756.387000000002,2020-08-14,150.9,10052865.796
1264.015,2020-08-15,172.9,10054129.811
281.98,2020-08-16,233.2,10054411.791000001
8521.891,2020-08-17,159.8,10062933.682000002
7957.618,2020-08-18,177.9,10070891.300000003
9455.521,2020-08-19,227.9,10080346.821000002
8485.669,2020-08-20,206.4,10088832.490000002
11563.855,2020-08-21,200.7,10100396.345000003
1738.99,2020-08-22,130.0,10102135.335000003
195.095,2020-08-23,169.4,10102330.430000003
20571.396,2020-08-24,156.5,10122901.826000003
29535.131999999998,2020-08-25,172.6,10152436.958000002
16579.826,2020-08-26,148.6,10169016.784000002
34889.056,2020-08-27,169.0,10203905.840000002
45706.365,2020-08-28,139.6,10249612.205000002
4638.855,2020-08-29,130.9,10254251.060000002
6377.317,2020-08-30,95.8,10260628.377000002
85412.235,2020-08-31,129.1,10346040.612000002
7664.946,2020-09-01,139.6,10353705.558000002
7445.4310000000005,2020-09-02,183.7,10361150.989000002
7517.467,2020-09-03,168.3,10368668.456000002
7728.973,2020-09-04,165.9,10376397.429000001
1034.731,2020-09-05,131.1,10377432.160000002
183.39,2020-09-06,158.5,10377615.550000003
7759.309,2020-09-07,193.6,10385374.859000003
11500.101999999999,2020-09-08,187.2,10396874.961000003
23307.456000000002,2020-09-09,185.1,10420182.417000003
11800.903,2020-09-10,174.2,10431983.320000004
9854.124,2020-09-11,195.8,10441837.444000004
1415.169,2020-09-12,198.4,10443252.613000004
482.52,2020-09-13,208.6,10443735.133000003
10510.739,2020-09-14,215.4,10454245.872000003
12456.711,2020-09-15,208.7,10466702.583000002
11071.935,2020-09-16,171.9,10477774.518000003
7955.341,2020-09-17,182.8,10485729.859000003
20451.053,2020-09-18,217.5,10506180.912000002
1289.062,2020-09-19,205.5,10507469.974000003
641.285,2020-09-20,210.0,10508111.259000003
10558.03,2020-09-21,203.6,10518669.289000003
9760.871,2020-09-22,188.3,10528430.160000002
12799.246,2020-09-23,127.8,10541229.406000001
21200.69,2020-09-24,140.7,10562430.096
18109.89,2020-09-25,69.0,10580539.986000001
2374.785,2020-09-26,38.9,10582914.771000002
1217.3700000000001,2020-09-27,102.7,10584132.141
28443.249,2020-09-28,118.5,10612575.39
26818.841,2020-09-29,94.3,10639394.231
95355.562,2020-09-30,122.7,10734749.793000001
10134.79,2020-10-01,125.3,10744884.583
6431.113,2020-10-02,107.6,10751315.696
290.528,2020-10-03,85.1,10751606.224000001
102.26,2020-10-04,136.3,10751708.484000001
7074.415,2020-10-05,80.6,10758782.899
6354.483,2020-10-06,69.3,10765137.382
11790.044,2020-10-07,78.2,10776927.425999999
17714.035,2020-10-08,80.3,10794641.461
9246.965,2020-10-09,82.9,10803888.425999999
1222.82,2020-10-10,76.0,10805111.246
216.82999999999998,2020-10-11,93.1,10805328.076
7907.2880000000005,2020-10-12,78.5,10813235.364
8679.054,2020-10-13,94.8,10821914.418
16705.453,2020-10-14,47.0,10838619.871
24974.159,2020-10-15,35.9,10863594.03
9853.815,2020-10-16,48.3,10873447.844999999
1257.565,2020-10-17,58.9,10874705.409999998
402.45,2020-10-18,75.1,10875107.859999998
11097.462,2020-10-19,85.6,10886205.321999997
10080.128,2020-10-20,78.3,10896285.449999997
11381.392,2020-10-21,60.7,10907666.841999998
23473.997,2020-10-22,91.2,10931140.838999998
14653.861,2020-10-23,44.9,10945794.699999997
2196.193,2020-10-24,79.8,10947990.892999997
1387.3609999999999,2020-10-25,86.7,10949378.253999997
15106.304,2020-10-26,26.4,10964484.557999996
17603.417,2020-10-27,66.6,10982087.974999996
18183.134000000002,2020-10-28,64.3,11000271.108999996
36232.542,2020-10-29,55.6,11036503.650999995
73979.091,2020-10-30,23.3,11110482.741999995
44837.59,2020-10-31,76.4,11155320.331999995
2283.653,2020-11-01,30.5,11157603.984999996
6643.22,2020-11-02,51.0,11164247.204999996
6448.038,2020-11-03,58.7,11170695.242999997
15714.376,2020-11-04,70.6,11186409.618999997
9907.977,2020-11-05,96.3,11196317.595999997
28809.123999999996,2020-11-06,82.8,11225126.719999997
1118.135,2020-11-07,99.8,11226244.854999997
283.74,2020-11-08,83.4,11226528.594999997
13942.475,2020-11-09,59.2,11240471.069999997
10456.669,2020-11-10,36.0,11250927.738999996
84036.348,2020-11-11,24.2,11334964.086999996
8226.178,2020-11-12,42.8,11343190.264999995
8659.084,2020-11-13,62.5,11351849.348999996
3479.098,2020-11-14,75.4,11355328.446999995
648.323,2020-11-15,71.0,11355976.769999996
38491.203,2020-11-16,44.6,11394467.972999996
9860.149,2020-11-17,40.2,11404328.121999996
11607.611,2020-11-18,76.4,11415935.732999995
26947.373,2020-11-19,27.3,11442883.105999995
14568.208,2020-11-20,55.7,11457451.313999996
1777.555,2020-11-21,54.2,11459228.868999995
662.182,2020-11-22,48.7,11459891.050999995
12287.244,2020-11-23,47.9,11472178.294999996
22829.316,2020-11-24,38.8,11495007.610999996
13478.935,2020-11-25,43.7,11508486.545999996
40149.813,2020-11-26,26.7,11548636.358999996
37085.882,2020-11-27,36.6,11585722.240999995
6388.425,2020-11-28,28.4,11592110.665999996
3740.3650000000002,2020-11-29,44.4,11595851.030999996
69666.927,2020-11-30,50.5,11665517.957999995
7522.591,2020-12-01,9.6,11673040.548999995
6361.753,2020-12-02,19.6,11679402.301999995
15936.871,2020-12-03,14.4,11695339.172999995
16131.930000000002,2020-12-04,22.7,11711471.102999995
1606.3200000000002,2020-12-05,25.5,11713077.422999995
1035.505,2020-12-06,16.9,11714112.927999996
19932.081000000002,2020-12-07,18.5,11734045.008999996
17875.96,2020-12-08,35.1,11751920.968999997
32496.614,2020-12-09,9.0,11784417.582999997
20202.261,2020-12-10,9.0,11804619.843999997
9984.637,2020-12-11,15.6,11814604.480999997
1214.0049999999999,2020-12-12,13.8,11815818.485999998
717.075,2020-12-13,13.0,11816535.560999997
36416.204000000005,2020-12-14,33.9,11852951.764999997
25428.403000000002,2020-12-15,15.8,11878380.167999998
30806.93,2020-12-16,33.8,11909187.097999997
105709.174,2020-12-17,26.7,12014896.271999998
32592.488,2020-12-18,49.1,12047488.759999998
3107.145,2020-12-19,43.4,12050595.904999997
2197.455,2020-12-20,23.3,12052793.359999998
21383.094,2020-12-21,27.0,12074176.453999998
36960.803,2020-12-22,15.8,12111137.256999997
17133.381,2020-12-23,12.1,12128270.637999997
997.915,2020-12-24,18.6,12129268.552999996
61.11,2020-12-25,25.3,12129329.662999995
70.16499999999999,2020-12-26,31.4,12129399.827999994
76.815,2020-12-27,24.7,12129476.642999994
9268.14,2020-12-28,19.1,12138744.782999994
15933.755000000001,2020-12-29,25.6,12154678.537999995
11403.229,2020-12-30,37.1,12166081.766999995
12274.445,2020-12-31,40.8,12178356.211999996
9548.254,2021-01-01,22.4,12187904.465999996
8352.27,2021-01-02,16.5,12196256.735999996
1354.123,2021-01-03,6.9,12197610.858999996
24102.088,2021-01-04,5.6,12221712.946999995
8706.987,2021-01-05,6.2,12230419.933999995
4751.917,2021-01-06,7.4,12235171.850999994
10312.017,2021-01-07,8.3,12245483.867999995
8290.093,2021-01-08,9.5,12253773.960999995
1475.4550000000002,2021-01-09,15.9,12255249.415999996
1373.782,2021-01-10,29.6,12256623.197999995
17307.645,2021-01-11,22.5,12273930.842999995
13436.88,2021-01-12,12.2,12287367.722999996
18037.54,2021-01-13,24.4,12305405.262999995
19424.682,2021-01-14,12.8,12324829.944999995
15023.733,2021-01-15,22.9,12339853.677999994
1055.345,2021-01-16,15.4,12340909.022999994
187.49,2021-01-17,15.1,12341096.512999995
13358.325,2021-01-18,12.0,12354454.837999994
8271.787,2021-01-19,11.7,12362726.624999994
19670.239,2021-01-20,37.0,12382396.863999994
16889.02,2021-01-21,44.1,12399285.883999994
10769.323,2021-01-22,40.7,12410055.206999995
1115.717,2021-01-23,24.1,12411170.923999995
438.85,2021-01-24,25.1,12411609.773999995
12295.015,2021-01-25,27.1,12423904.788999995
18447.363,2021-01-26,23.2,12442352.151999995
15636.663,2021-01-27,23.6,12457988.814999996
24316.616,2021-01-28,15.5,12482305.430999996
58595.45,2021-01-29,30.7,12540900.880999995
17323.5,2021-01-30,24.2,12558224.380999995
19459.57,2021-01-31,44.2,12577683.950999996
7224.263,2021-02-01,28.6,12584908.213999996
78502.909,2021-02-02,24.0,12663411.122999996
8905.318,2021-02-03,16.6,12672316.440999996
9836.667,2021-02-04,64.7,12682153.107999995
7215.943,2021-02-05,33.4,12689369.050999995
1226.698,2021-02-06,22.7,12690595.748999996
156.43,2021-02-07,16.0,12690752.178999996
9939.34,2021-02-08,21.6,12700691.518999996
4680.897,2021-02-09,11.8,12705372.415999996
5736.136,2021-02-10,14.8,12711108.551999995
7574.007,2021-02-11,29.8,12718682.558999995
3348.064,2021-02-12,49.7,12722030.622999994
541.245,2021-02-13,64.8,12722571.867999993
331.315,2021-02-14,76.3,12722903.182999993
9809.71,2021-02-15,36.0,12732712.892999994
5336.987,2021-02-16,41.8,12738049.879999993
7209.08,2021-02-17,63.6,12745258.959999993
9778.221,2021-02-18,100.0,12755037.180999994
7754.442,2021-02-19,112.8,12762791.622999994
1417.932,2021-02-20,144.6,12764209.554999994
567.875,2021-02-21,159.6,12764777.429999994
36412.811,2021-02-22,132.2,12801190.240999995
11158.206,2021-02-23,132.7,12812348.446999995
21611.618,2021-02-24,151.9,12833960.064999996
20120.963,2021-02-25,162.8,12854081.027999995
67976.341,2021-02-26,98.1,12922057.368999995
20525.465,2021-02-27,104.7,12942582.833999995
28145.77,2021-02-28,156.0,12970728.603999995
11900.005000000001,2021-03-01,148.7,12982628.608999996
14120.523,2021-03-02,182.2,12996749.131999996
11605.686,2021-03-03,126.2,13008354.817999996
10229.771,2021-03-04,76.0,13018584.588999996
20008.501,2021-03-05,119.2,13038593.089999996
1276.237,2021-03-06,176.1,13039869.326999996
700.495,2021-03-07,141.8,13040569.821999995
10549.229,2021-03-08,163.0,13051119.050999995
7490.752,2021-03-09,117.3,13058609.802999996
15447.007,2021-03-10,107.8,13074056.809999995
11873.002,2021-03-11,66.3,13085929.811999995
8765.049,2021-03-12,127.1,13094694.860999996
1851.67,2021-03-13,74.1,13096546.530999996
919.675,2021-03-14,93.2,13097466.205999997
19599.513,2021-03-15,85.9,13117065.718999997
12666.595,2021-03-16,96.5,13129732.313999997
11553.243,2021-03-17,94.3,13141285.556999998
19961.967,2021-03-18,118.8,13161247.523999998
19384.553,2021-03-19,116.1,13180632.076999998
1757.335,2021-03-20,151.0,13182389.411999999
273.074,2021-03-21,79.0,13182662.485999998
12474.152,2021-03-22,109.3,13195136.637999998
22252.407,2021-03-23,82.5,13217389.044999998
59573.845,2021-03-24,212.5,13276962.889999999
26546.005,2021-03-25,193.8,13303508.895
39370.396,2021-03-26,203.3,13342879.291
5109.976,2021-03-27,136.9,13347989.266999999
3174.355,2021-03-28,177.2,13351163.622
51489.446,2021-03-29,216.5,13402653.068
96315.913,2021-03-30,252.9,13498968.981
155793.527,2021-03-31,249.2,13654762.508000001
10798.102,2021-04-01,189.7,13665560.610000001
644.615,2021-04-02,174.7,13666205.225000001
935.15,2021-04-03,181.0,13667140.375000002
139.33,2021-04-04,201.8,13667279.705000002
1210.358,2021-04-05,113.6,13668490.063000001
6158.123,2021-04-06,138.2,13674648.186
5946.204,2021-04-07,102.2,13680594.39
7160.617,2021-04-08,146.3,13687755.007000001
11074.706,2021-04-09,203.3,13698829.713000001
1652.046,2021-04-10,127.2,13700481.759000001
165.21,2021-04-11,153.0,13700646.969000002
12795.185,2021-04-12,124.6,13713442.154000003
12413.254,2021-04-13,189.3,13725855.408000004
8747.091,2021-04-14,187.0,13734602.499000004
15718.797,2021-04-15,189.5,13750321.296000004
9880.268,2021-04-16,165.0,13760201.564000003
2846.3,2021-04-17,147.3,13763047.864000004
289.13,2021-04-18,119.3,13763336.994000005
11462.441,2021-04-19,151.5,13774799.435000004
13223.929,2021-04-20,227.7,13788023.364000004
108143.135,2021-04-21,238.7,13896166.499000004
27918.156,2021-04-22,237.5,13924084.655000003
55019.841,2021-04-23,277.4,13979104.496000003
9197.105,2021-04-24,270.5,13988301.601000004
411.525,2021-04-25,266.9,13988713.126000004
39591.138,2021-04-26,291.6,14028304.264000004
34693.129,2021-04-27,308.1,14062997.393000005
45340.517,2021-04-28,273.3,14108337.910000006
67913.71,2021-04-29,139.7,14176251.620000007
82995.021,2021-04-30,141.1,14259246.641000006
3256.87,2021-05-01,147.0,14262503.511000006
381.46,2021-05-02,132.0,14262884.971000006
11170.318000000001,2021-05-03,219.9,14274055.289000006
12383.926,2021-05-04,141.8,14286439.215000007
12117.999,2021-05-05,183.8,14298557.214000007
12360.508,2021-05-06,151.8,14310917.722000007
21916.63,2021-05-07,187.1,14332834.352000007
1925.615,2021-05-08,255.2,14334759.967000008
401.69,2021-05-09,290.4,14335161.657000007
19704.324,2021-05-10,218.0,14354865.981000006
36435.488,2021-05-11,144.3,14391301.469000006
12768.29,2021-05-12,105.5,14404069.759000005
535.665,2021-05-13,136.8,14404605.424000004
6054.613,2021-05-14,187.6,14410660.037000004
4385.285,2021-05-15,188.8,14415045.322000004
411.158,2021-05-16,205.8,14415456.480000004
12592.616,2021-05-17,196.0,14428049.096000005
15493.116,2021-05-18,187.4,14443542.212000005
14656.502,2021-05-19,214.8,14458198.714000005
15152.892,2021-05-20,222.6,14473351.606000006
18820.905,2021-05-21,180.8,14492172.511000006
1868.62,2021-05-22,205.4,14494041.131000005
291.265,2021-05-23,213.2,14494332.396000005
2556.805,2021-05-24,208.2,14496889.201000005
13793.488,2021-05-25,188.1,14510682.689000005
39841.636999999995,2021-05-26,149.4,14550524.326000005
19766.859,2021-05-27,150.8,14570291.185000004
26298.81,2021-05-28,223.2,14596589.995000005
5481.148,2021-05-29,252.1,14602071.143000005
3871.11,2021-05-30,313.6,14605942.253000004
51520.947,2021-05-31,326.7,14657463.200000005
11248.605,2021-06-01,311.9,14668711.805000005
11402.57,2021-06-02,306.9,14680114.375000006
3279.934,2021-06-03,260.3,14683394.309000006
23390.406,2021-06-04,222.4,14706784.715000005
1180.845,2021-06-05,196.5,14707965.560000006
357.44,2021-06-06,131.5,14708323.000000006
67730.713,2021-06-07,197.1,14776053.713000005
19161.379,2021-06-08,237.1,14795215.092000006
11604.102,2021-06-09,262.8,14806819.194000006
23425.349000000002,2021-06-10,277.1,14830244.543000005
10682.312,2021-06-11,291.6,14840926.855000006
2401.085,2021-06-12,217.1,14843327.940000007
270.51,2021-06-13,293.8,14843598.450000007
12754.225,2021-06-14,333.2,14856352.675000006
25681.111,2021-06-15,291.6,14882033.786000006
17882.02,2021-06-16,309.3,14899915.806000005
12610.298,2021-06-17,312.9,14912526.104000006
11496.57,2021-06-18,297.7,14924022.674000006
1886.925,2021-06-19,286.7,14925909.599000007
810.725,2021-06-20,220.6,14926720.324000007
15847.707,2021-06-21,247.4,14942568.031000007
12977.144,2021-06-22,179.7,14955545.175000006
13956.398,2021-06-23,199.7,14969501.573000006
12006.915,2021-06-24,168.9,14981508.488000005
16355.959,2021-06-25,200.4,14997864.447000006
2695.38,2021-06-26,269.3,15000559.827000007
528.91,2021-06-27,283.4,15001088.737000007
30254.944,2021-06-28,265.9,15031343.681000007
28915.199,2021-06-29,188.6,15060258.880000006
51799.225,2021-06-30,143.0,15112058.105000006
18237.495,2021-07-01,105.0,15130295.600000005
8719.082,2021-07-02,209.8,15139014.682000006
1209.962,2021-07-03,279.2,15140224.644000005
272.065,2021-07-04,212.9,15140496.709000004
25953.9,2021-07-05,180.6,15166450.609000005
8907.478,2021-07-06,214.1,15175358.087000005
17050.763,2021-07-07,177.2,15192408.850000005
24541.621,2021-07-08,133.8,15216950.471000005
32131.843,2021-07-09,129.3,15249082.314000005
1789.827,2021-07-10,254.6,15250872.141000004
350.04,2021-07-11,195.0,15251222.181000004
10015.99,2021-07-12,253.4,15261238.171000004
13936.9,2021-07-13,158.3,15275175.071000004
12752.381,2021-07-14,134.1,15287927.452000003
34037.437,2021-07-15,190.9,15321964.889000004
33946.636,2021-07-16,214.8,15355911.525000004
1663.154,2021-07-17,181.8,15357574.679000003
310.374,2021-07-18,275.5,15357885.053000003
28779.587,2021-07-19,229.9,15386664.640000002
20635.337,2021-07-20,246.0,15407299.977000002
11677.011,2021-07-21,239.7,15418976.988000002
15157.452,2021-07-22,245.7,15434134.440000001
14081.175,2021-07-23,264.1,15448215.615000002
2035.975,2021-07-24,209.8,15450251.590000002
894.5649999999999,2021-07-25,207.1,15451146.155000001
20968.231,2021-07-26,216.4,15472114.386000002
17922.308,2021-07-27,223.8,15490036.694000002
46919.005,2021-07-28,172.8,15536955.699000003
43197.7,2021-07-29,242.2,15580153.399000002
42159.99,2021-07-30,276.4,15622313.389000002
12289.57,2021-07-31,214.9,15634602.959000003
3225.465,2021-08-01,157.6,15637828.424000002
9037.957,2021-08-02,201.2,15646866.381000003
14069.775,2021-08-03,183.3,15660936.156000003
14843.301,2021-08-04,171.1,15675779.457000004
18413.492000000002,2021-08-05,186.2,15694192.949000005
17953.869,2021-08-06,194.5,15712146.818000006
1301.787,2021-08-07,173.4,15713448.605000006
250.94,2021-08-08,189.2,15713699.545000006
7907.705,2021-08-09,224.9,15721607.250000006
17331.522,2021-08-10,212.0,15738938.772000005
14231.014,2021-08-11,245.3,15753169.786000006
33013.85,2021-08-12,257.9,15786183.636000006
9183.921,2021-08-13,238.4,15795367.557000006
1029.47,2021-08-14,265.6,15796397.027000006
597.263,2021-08-15,233.7,15796994.290000007
20627.721,2021-08-16,137.0,15817622.011000007
16714.275999999998,2021-08-17,153.7,15834336.287000008
10753.875,2021-08-18,122.5,15845090.162000008
13931.271,2021-08-19,117.1,15859021.433000008
18592.068,2021-08-20,177.5,15877613.501000008
6226.38,2021-08-21,232.4,15883839.881000008
413.497,2021-08-22,112.7,15884253.378000008
10604.836,2021-08-23,137.5,15894858.214000007
13735.44,2021-08-24,188.8,15908593.654000007
31627.378,2021-08-25,229.8,15940221.032000007
20862.405,2021-08-26,138.8,15961083.437000006
19360.035,2021-08-27,134.2,15980443.472000007
4170.615,2021-08-28,122.8,15984614.087000007
616.14,2021-08-29,78.2,15985230.227000007
22255.537,2021-08-30,112.2,16007485.764000008
38323.387,2021-08-31,155.3,16045809.151000008
25334.282,2021-09-01,207.0,16071143.433000008
16680.352,2021-09-02,234.1,16087823.785000008
13945.626,2021-09-03,255.7,16101769.411000008
1373.171,2021-09-04,217.0,16103142.582000008
269.44,2021-09-05,233.5,16103412.022000007
9926.631,2021-09-06,234.2,16113338.653000006
18770.003,2021-09-07,204.3,16132108.656000007
11537.647,2021-09-08,245.4,16143646.303000007
14185.979,2021-09-09,221.3,16157832.282000007
10567.925,2021-09-10,175.9,16168400.207000008
2033.39,2021-09-11,130.6,16170433.597000008
335.71,2021-09-12,173.9,16170769.30700001
9331.962,2021-09-13,182.8,16180101.269000009
37420.513999999996,2021-09-14,206.8,16217521.78300001
13431.329,2021-09-15,76.0,16230953.112000009
21835.926,2021-09-16,92.1,16252789.03800001
12662.441,2021-09-17,110.5,16265451.47900001
1812.125,2021-09-18,150.3,16267263.60400001
359.375,2021-09-19,116.1,16267622.97900001
11758.437,2021-09-20,99.8,16279381.41600001
10570.775,2021-09-21,129.8,16289952.19100001
14173.677,2021-09-22,158.7,16304125.86800001
33094.768,2021-09-23,182.0,16337220.63600001
16112.073,2021-09-24,125.4,16353332.70900001
4188.61,2021-09-25,162.2,16357521.31900001
353.51,2021-09-26,144.8,16357874.82900001
25377.141,2021-09-27,118.2,16383251.97000001
33793.43,2021-09-28,127.5,16417045.40000001
41064.421,2021-09-29,100.6,16458109.82100001
57588.97,2021-09-30,174.0,16515698.79100001
18845.089,2021-10-01,193.8,16534543.88000001
5911.767,2021-10-02,149.5,16540455.647000011
4024.345,2021-10-03,93.1,16544479.992000012
27790.287,2021-10-04,67.6,16572270.279000012
11046.618,2021-10-05,64.6,16583316.897000013
11920.338,2021-10-06,100.6,16595237.235000012
21025.073,2021-10-07,124.5,16616262.308000013
10713.671,2021-10-08,131.4,16626975.979000013
2664.762,2021-10-09,194.1,16629640.741000013
611.565,2021-10-10,186.7,16630252.306000013
10802.197,2021-10-11,117.7,16641054.503000014
20145.142,2021-10-12,71.9,16661199.645000014
10594.186,2021-10-13,116.5,16671793.831000015
13140.686,2021-10-14,62.6,16684934.517000016
14415.826000000001,2021-10-15,110.6,16699350.343000015
2271.4,2021-10-16,116.2,16701621.743000016
525.8050000000001,2021-10-17,86.8,16702147.548000015
12562.749,2021-10-18,104.1,16714710.297000015
13148.966,2021-10-19,49.0,16727859.263000015
14051.026,2021-10-20,87.3,16741910.289000016
21742.52,2021-10-21,82.6,16763652.809000015
14182.655,2021-10-22,102.8,16777835.464000016
2930.73,2021-10-23,111.6,16780766.194000017
410.365,2021-10-24,165.2,16781176.559000015
15725.535,2021-10-25,110.4,16796902.094000015
40968.429,2021-10-26,70.6,16837870.523000017
19149.588,2021-10-27,74.6,16857020.111000016
36790.49,2021-10-28,113.5,16893810.601000015
26585.723,2021-10-29,106.2,16920396.324000016
7589.273,2021-10-30,72.0,16927985.597000014
10192.175,2021-10-31,109.0,16938177.772000015
6961.131,2021-11-01,40.7,16945138.903000016
9095.288,2021-11-02,66.3,16954234.191000015
11557.932999999999,2021-11-03,50.5,16965792.124000013
12619.995,2021-11-04,22.3,16978412.119000014
16171.083,2021-11-05,42.0,16994583.202000014
2015.6299999999999,2021-11-06,67.9,16996598.832000013
242.56,2021-11-07,49.5,16996841.392000012
13973.096,2021-11-08,61.6,17010814.488000013
14851.613,2021-11-09,110.0,17025666.101000015
21576.385,2021-11-10,75.6,17047242.486000016
13910.076000000001,2021-11-11,69.9,17061152.562000018
12019.027,2021-11-12,39.7,17073171.589000016
2405.705,2021-11-13,25.0,17075577.294000015
336.26,2021-11-14,26.6,17075913.554000016
20948.985,2021-11-15,15.4,17096862.539000016
15935.707,2021-11-16,12.6,17112798.246000014
10772.897,2021-11-17,15.7,17123571.143000014
22510.803,2021-11-18,37.0,17146081.946000014
11024.063,2021-11-19,26.4,17157106.009000015
2109.26,2021-11-20,20.5,17159215.269000016
593.735,2021-11-21,29.1,17159809.004000016
13923.428,2021-11-22,45.0,17173732.432000015
13590.21,2021-11-23,60.5,17187322.642000016
16333.588,2021-11-24,33.4,17203656.230000015
14364.85,2021-11-25,17.4,17218021.080000017
19617.085,2021-11-26,20.6,17237638.165000018
2741.8,2021-11-27,23.8,17240379.96500002
1208.385,2021-11-28,24.4,17241588.35000002
15525.296,2021-11-29,20.1,17257113.64600002
48676.441,2021-11-30,8.4,17305790.08700002
13749.82,2021-12-01,20.0,17319539.90700002
9558.36,2021-12-02,33.1,17329098.26700002
7251.245,2021-12-03,36.6,17336349.51200002
2590.025,2021-12-04,12.5,17338939.53700002
903.7399999999999,2021-12-05,28.6,17339843.277000017
9482.882,2021-12-06,24.1,17349326.159000017
13403.157,2021-12-07,28.7,17362729.31600002
24606.867,2021-12-08,14.3,17387336.183000017
20844.682,2021-12-09,12.0,17408180.865000017
9976.139,2021-12-10,21.6,17418157.004000016
12706.94,2021-12-11,18.5,17430863.944000017
532.58,2021-12-12,16.7,17431396.524000015
21700.158,2021-12-13,15.7,17453096.682000015
11280.698,2021-12-14,14.8,17464377.380000014
24915.486999999997,2021-12-15,13.5,17489292.867000014
30742.697,2021-12-16,18.5,17520035.564000014
20608.758,2021-12-17,23.8,17540644.322000016
1503.325,2021-12-18,14.0,17542147.647000015
1141.185,2021-12-19,15.0,17543288.832000013
222761.24599999998,2021-12-20,60.6,17766050.078000013
56052.497,2021-12-21,53.6,17822102.575000014
28295.922000000002,2021-12-22,58.0,17850398.497000013
42269.098000000005,2021-12-23,20.3,17892667.595000014
331.44,2021-12-24,8.5,17892999.035000015
73.825,2021-12-25,21.9,17893072.860000014
56.42,2021-12-26,25.2,17893129.280000016
1863.804,2021-12-27,23.9,17894993.084000017
4180.669,2021-12-28,15.6,17899173.753000017
2656.2599999999998,2021-12-29,15.8,17901830.01300002
4680.74,2021-12-30,14.8,17906510.753000017
1352.326,2021-12-31,46.2,17907863.07900002
5567.795,2022-01-01,35.8,17913430.87400002
2619.613,2022-01-02,26.6,17916050.487000022
37053.593,2022-01-03,23.5,17953104.08000002
9347.905,2022-01-04,10.9,17962451.98500002
7262.055,2022-01-05,27.4,17969714.04000002
4273.746,2022-01-06,52.2,17973987.78600002
7541.661,2022-01-07,19.1,17981529.44700002
558.675,2022-01-08,23.0,17982088.12200002
185.095,2022-01-09,21.7,17982273.21700002
23920.69,2022-01-10,28.1,18006193.90700002
13764.435,2022-01-11,39.7,18019958.34200002
14110.987000000001,2022-01-12,38.8,18034069.32900002
15317.021999999999,2022-01-13,38.9,18049386.35100002
11661.679,2022-01-14,49.5,18061048.03000002
3398.8849999999998,2022-01-15,31.2,18064446.91500002
445.925,2022-01-16,25.6,18064892.840000022
27901.136,2022-01-17,22.4,18092793.976000022
31592.711,2022-01-18,32.1,18124386.68700002
13797.979,2022-01-19,51.4,18138184.66600002
14364.305,2022-01-20,40.5,18152548.97100002
41091.128,2022-01-21,46.1,18193640.099000018
3279.71,2022-01-22,21.4,18196919.80900002
143.836,2022-01-23,25.8,18197063.64500002
19501.281,2022-01-24,39.0,18216564.926000018
29011.13,2022-01-25,28.4,18245576.056000017
27249.204,2022-01-26,22.5,18272825.260000017
25076.028,2022-01-27,35.8,18297901.288000017
31382.392,2022-01-28,54.8,18329283.68000002
13224.859999999999,2022-01-29,20.5,18342508.540000018
1635.665,2022-01-30,57.2,18344144.205000017
71732.33,2022-01-31,23.2,18415876.535000015
17326.478,2022-02-01,19.3,18433203.013000015
11884.109,2022-02-02,52.2,18445087.122000016
10044.765,2022-02-03,30.7,18455131.887000017
10273.383,2022-02-04,35.6,18465405.27000002
1584.29,2022-02-05,83.5,18466989.560000017
283.455,2022-02-06,26.9,18467273.015000015
13542.093,2022-02-07,61.6,18480815.108000014
20672.619,2022-02-08,38.1,18501487.727000013
12244.344000000001,2022-02-09,71.2,18513732.071000014
164479.404,2022-02-10,70.8,18678211.475000013
15090.636,2022-02-11,64.9,18693302.111000013
1714.842,2022-02-12,148.9,18695016.953000013
377.496,2022-02-13,150.9,18695394.449000012
15590.076000000001,2022-02-14,96.5,18710984.525000013
30814.745,2022-02-15,60.9,18741799.270000014
13614.818,2022-02-16,33.8,18755414.088000014
16686.29,2022-02-17,82.0,18772100.378000014
11714.611,2022-02-18,37.7,18783814.989000015
1633.75,2022-02-19,117.5,18785448.739000015
668.45,2022-02-20,46.4,18786117.189000014
13277.81,2022-02-21,72.9,18799394.999000013
16526.146,2022-02-22,76.8,18815921.145000014
185079.545,2022-02-23,161.0,19001000.690000016
19719.417,2022-02-24,95.6,19020720.107000016
23046.918,2022-02-25,99.9,19043767.025000017
3481.125,2022-02-26,116.7,19047248.150000017
1379.335,2022-02-27,180.1,19048627.485000018
69087.078,2022-02-28,188.1,19117714.56300002
19525.364,2022-03-01,186.5,19137239.92700002
14939.649,2022-03-02,144.1,19152179.57600002
18210.662,2022-03-03,189.1,19170390.23800002
12596.835000000001,2022-03-04,160.3,19182987.07300002
1650.455,2022-03-05,167.5,19184637.52800002
336.51,2022-03-06,119.0,19184974.03800002
53339.623,2022-03-07,193.4,19238313.66100002
32520.657,2022-03-08,226.5,19270834.318000022
30997.744,2022-03-09,225.2,19301832.06200002
72457.62199999999,2022-03-10,223.3,19374289.684000023
22279.173,2022-03-11,227.5,19396568.857000023
2779.74,2022-03-12,209.8,19399348.59700002
646.029,2022-03-13,221.1,19399994.62600002
17809.287,2022-03-14,137.5,19417803.91300002
32861.907,2022-03-15,70.9,19450665.820000023
26640.434999999998,2022-03-16,149.5,19477306.25500002
34662.196,2022-03-17,61.8,19511968.45100002
26043.744,2022-03-18,185.8,19538012.19500002
6214.7,2022-03-19,210.7,19544226.89500002
923.967,2022-03-20,211.7,19545150.86200002
34541.277,2022-03-21,226.2,19579692.139000017
14208.047,2022-03-22,243.0,19593900.186000016
33454.871999999996,2022-03-23,242.2,19627355.058000017
55790.571,2022-03-24,239.7,19683145.629000016
33054.334,2022-03-25,237.7,19716199.963000014
3340.84,2022-03-26,221.0,19719540.803000014
856.295,2022-03-27,229.4,19720397.098000016
60108.308,2022-03-28,222.5,19780505.406000014
41752.638,2022-03-29,159.2,19822258.044000015
44374.768000000004,2022-03-30,97.5,19866632.812000014
104007.819,2022-03-31,72.2,19970640.631000012
23708.574,2022-04-01,61.5,19994349.205000013
1839.445,2022-04-02,85.3,19996188.650000013
394.186,2022-04-03,137.9,19996582.836000014
14522.552,2022-04-04,144.6,20011105.388000015
16433.144,2022-04-05,80.2,20027538.532000016
17714.591,2022-04-06,123.8,20045253.123000015
14339.047,2022-04-07,115.7,20059592.170000013
11125.0,2022-04-08,110.7,20070717.170000013
1640.905,2022-04-09,174.9,20072358.075000014
655.995,2022-04-10,188.2,20073014.070000015
24198.988,2022-04-11,277.3,20097213.058000017
17562.419,2022-04-12,261.0,20114775.477000017
24452.204999999998,2022-04-13,234.0,20139227.682000015
33793.907,2022-04-14,193.5,20173021.589000016
3076.533,2022-04-15,156.7,20176098.122000016
1605.975,2022-04-16,257.3,20177704.097000018
218.39,2022-04-17,295.0,20177922.48700002
1051.019,2022-04-18,297.5,20178973.50600002
21745.065,2022-04-19,268.1,20200718.57100002
18741.8,2022-04-20,261.2,20219460.37100002
26196.101,2022-04-21,196.6,20245656.47200002
34992.456,2022-04-22,217.3,20280648.92800002
5780.906,2022-04-23,220.0,20286429.83400002
766.9590000000001,2022-04-24,153.7,20287196.79300002
20216.57,2022-04-25,167.2,20307413.36300002
20800.297,2022-04-26,169.8,20328213.66000002
30009.339,2022-04-27,230.9,20358222.99900002
30746.838,2022-04-28,292.0,20388969.83700002
41131.448000000004,2022-04-29,251.8,20430101.28500002
17334.709,2022-04-30,185.2,20447435.994000018
3642.515,2022-05-01,190.4,20451078.50900002
32192.89,2022-05-02,264.0,20483271.39900002
14444.553,2022-05-03,257.9,20497715.95200002
26401.132,2022-05-04,229.8,20524117.084000017
31637.221,2022-05-05,219.7,20555754.30500002
12727.392,2022-05-06,218.5,20568481.69700002
2128.358,2022-05-07,224.3,20570610.05500002
550.701,2022-05-08,247.8,20571160.75600002
24885.684,2022-05-09,304.3,20596046.44000002
27937.602,2022-05-10,257.9,20623984.04200002
19202.123,2022-05-11,279.2,20643186.16500002
46042.926999999996,2022-05-12,268.8,20689229.092000023
50566.891,2022-05-13,224.1,20739795.98300002
3120.965,2022-05-14,294.8,20742916.94800002
5186.988,2022-05-15,321.1,20748103.936000023
40215.856999999996,2022-05-16,219.9,20788319.793000024
40129.547,2022-05-17,235.9,20828449.340000022
22560.984,2022-05-18,303.1,20851010.324000023
23052.45,2022-05-19,273.8,20874062.774000023
26304.889,2022-05-20,253.2,20900367.66300002
3604.68,2022-05-21,246.1,20903972.34300002
861.788,2022-05-22,290.6,20904834.13100002
19841.484,2022-05-23,229.4,20924675.61500002
40978.647,2022-05-24,175.1,20965654.26200002
32134.452,2022-05-25,249.3,20997788.71400002
2356.74,2022-05-26,208.6,21000145.45400002
15684.89,2022-05-27,221.0,21015830.34400002
1857.255,2022-05-28,241.6,21017687.599000018
745.805,2022-05-29,201.1,21018433.404000018
30159.218,2022-05-30,241.8,21048592.622000016
47075.801,2022-05-31,254.8,21095668.423000015
64796.249,2022-06-01,257.0,21160464.672000017
20351.64,2022-06-02,299.5,21180816.312000018
16812.422,2022-06-03,295.9,21197628.734000016
1865.555,2022-06-04,266.9,21199494.289000016
359.48,2022-06-05,209.8,21199853.769000016
1693.707,2022-06-06,242.3,21201547.476000015
16225.211,2022-06-07,207.0,21217772.687000014
15882.574,2022-06-08,239.2,21233655.261000015
22942.594,2022-06-09,200.1,21256597.855000015
14269.37,2022-06-10,290.4,21270867.225000016
1964.639,2022-06-11,293.8,21272831.864000015
532.155,2022-06-12,320.2,21273364.019000016
12588.588,2022-06-13,276.9,21285952.607000016
21344.881,2022-06-14,321.8,21307297.488000017
21575.129,2022-06-15,343.3,21328872.617000017
5308.207,2022-06-16,311.0,21334180.824000016
12109.155,2022-06-17,319.6,21346289.979000017
1864.556,2022-06-18,328.6,21348154.53500002
639.095,2022-06-19,288.3,21348793.630000018
17728.409,2022-06-20,189.1,21366522.03900002
22093.776,2022-06-21,321.8,21388615.81500002
16426.339,2022-06-22,256.1,21405042.15400002
33417.131,2022-06-23,330.0,21438459.285000023
23290.018,2022-06-24,213.6,21461749.30300002
3572.465,2022-06-25,276.2,21465321.76800002
5729.5,2022-06-26,280.8,21471051.26800002
29958.819000000003,2022-06-27,223.0,21501010.08700002
19001.594,2022-06-28,275.4,21520011.68100002
86682.401,2022-06-29,212.8,21606694.08200002
48478.802,2022-06-30,290.0,21655172.884000022
24385.998,2022-07-01,138.9,21679558.88200002
3184.465,2022-07-02,346.5,21682743.34700002
470.532,2022-07-03,330.8,21683213.879000023
51290.616,2022-07-04,296.0,21734504.495000023
18567.515,2022-07-05,298.9,21753072.010000024
17574.607,2022-07-06,271.4,21770646.617000025
19790.382999999998,2022-07-07,132.0,21790437.000000026
12416.384,2022-07-08,243.8,21802853.384000026
1787.965,2022-07-09,219.2,21804641.349000026
1732.735,2022-07-10,223.4,21806374.084000025
16629.263,2022-07-11,228.8,21823003.347000025
16064.941,2022-07-12,323.0,21839068.288000025
16055.65,2022-07-13,257.8,21855123.938000023
24968.89,2022-07-14,278.3,21880092.828000024
17988.869,2022-07-15,269.4,21898081.697000023
2102.997,2022-07-16,296.9,21900184.694000024
672.8,2022-07-17,339.6,21900857.494000025
13179.143,2022-07-18,312.2,21914036.637000024
29207.641,2022-07-19,334.5,21943244.278000023
31810.729,2022-07-20,310.0,21975055.00700002
28989.779,2022-07-21,201.7,22004044.78600002
15913.11,2022-07-22,261.9,22019957.89600002
1913.631,2022-07-23,237.5,22021871.52700002
351.095,2022-07-24,322.8,22022222.62200002
18148.041,2022-07-25,275.0,22040370.66300002
14532.83,2022-07-26,221.2,22054903.49300002
17025.934,2022-07-27,238.1,22071929.42700002
31331.194,2022-07-28,305.3,22103260.621000018
29896.825,2022-07-29,224.0,22133157.446000017
6793.306,2022-07-30,236.3,22139950.75200002
6819.715,2022-07-31,237.8,22146770.46700002
71772.139,2022-08-01,220.2,22218542.606000017
26423.561,2022-08-02,304.4,22244966.167000018
23932.097,2022-08-03,318.8,22268898.264000017
33560.66,2022-08-04,290.6,22302458.924000017
19228.317,2022-08-05,212.4,22321687.24100002
3584.652,2022-08-06,265.5,22325271.893000018
746.825,2022-08-07,307.1,22326018.718000017
18832.152000000002,2022-08-08,306.0,22344850.870000016
19536.155,2022-08-09,309.2,22364387.025000017
33534.263,2022-08-10,312.3,22397921.288000017
27229.452,2022-08-11,319.7,22425150.740000017
25050.86,2022-08-12,302.5,22450201.600000016
2547.268,2022-08-13,262.3,22452748.868000016
784.891,2022-08-14,277.2,22453533.759000015
17393.261,2022-08-15,213.2,22470927.020000014
24356.753,2022-08-16,270.5,22495283.773000013
16736.739,2022-08-17,219.2,22512020.512000013
37401.319,2022-08-18,173.2,22549421.83100001
19819.8,2022-08-19,123.3,22569241.631000012
3533.628,2022-08-20,142.6,22572775.25900001
595.75,2022-08-21,257.3,22573371.00900001
26328.777000000002,2022-08-22,237.6,22599699.78600001
62291.139,2022-08-23,267.7,22661990.92500001
29988.041999999998,2022-08-24,263.3,22691978.967000008
19668.752,2022-08-25,253.4,22711647.719000008
24770.987,2022-08-26,183.2,22736418.706000008
4421.165,2022-08-27,115.5,22740839.871000007
4100.072999999999,2022-08-28,203.9,22744939.944000006
28129.453,2022-08-29,235.2,22773069.397000007
34368.213,2022-08-30,239.8,22807437.610000007
28072.594,2022-08-31,164.6,22835510.204000007
44358.746,2022-09-01,222.8,22879868.950000007
42294.119999999995,2022-09-02,269.6,22922163.070000008
2870.745,2022-09-03,211.9,22925033.81500001
480.875,2022-09-04,245.5,22925514.69000001
24034.642,2022-09-05,250.5,22949549.33200001
20562.26,2022-09-06,205.4,22970111.59200001
30673.224000000002,2022-09-07,201.5,23000784.81600001
36756.421,2022-09-08,114.9,23037541.23700001
22358.814,2022-09-09,170.1,23059900.05100001
3386.805,2022-09-10,137.5,23063286.85600001
706.665,2022-09-11,144.8,23063993.52100001
34381.324,2022-09-12,225.8,23098374.84500001
50375.286,2022-09-13,157.2,23148750.13100001
27821.215,2022-09-14,93.0,23176571.34600001
35551.734,2022-09-15,119.2,23212123.08000001
49255.992,2022-09-16,141.6,23261379.072000008
2843.466,2022-09-17,145.6,23264222.538000006
771.296,2022-09-18,101.6,23264993.834000006
23622.864,2022-09-19,140.4,23288616.698000006
44348.185,2022-09-20,164.3,23332964.883000005
66294.253,2022-09-21,221.8,23399259.136000004
31875.592,2022-09-22,238.6,23431134.728000004
29787.766,2022-09-23,207.9,23460922.494000003
2953.7,2022-09-24,106.7,23463876.194000002
790.2570000000001,2022-09-25,112.8,23464666.451
18902.269,2022-09-26,132.0,23483568.720000003
45180.753000000004,2022-09-27,96.5,23528749.473
48752.515999999996,2022-09-28,95.5,23577501.989
45068.625,2022-09-29,133.9,23622570.614
53704.534,2022-09-30,179.6,23676275.148000002
11766.68,2022-10-01,62.1,23688041.828
434.218,2022-10-02,94.7,23688476.046
2325.7799999999997,2022-10-03,136.5,23690801.826
42274.729,2022-10-04,179.7,23733076.555
42246.744,2022-10-05,172.1,23775323.299
32037.671,2022-10-06,181.2,23807360.97
16812.993,2022-10-07,180.3,23824173.963
3614.392,2022-10-08,116.9,23827788.355
958.146,2022-10-09,187.9,23828746.501000002
24552.324,2022-10-10,160.6,23853298.825000003
14998.753,2022-10-11,140.1,23868297.578
20648.12,2022-10-12,147.4,23888945.698000003
23112.807,2022-10-13,84.9,23912058.505000003
17456.815,2022-10-14,78.2,23929515.320000004
7510.7,2022-10-15,79.5,23937026.020000003
969.29,2022-10-16,130.3,23937995.310000002
16546.943,2022-10-17,144.9,23954542.253000002
26745.038,2022-10-18,93.8,23981287.291
40541.590000000004,2022-10-19,106.9,24021828.881
19351.339,2022-10-20,115.6,24041180.220000003
29824.615,2022-10-21,55.0,24071004.835
2850.763,2022-10-22,108.2,24073855.598
777.908,2022-10-23,104.7,24074633.506
27341.017,2022-10-24,59.5,24101974.523000002
21023.387000000002,2022-10-25,105.5,24122997.91
85741.947,2022-10-26,105.0,24208739.857
34857.653,2022-10-27,141.3,24243597.51
33525.335,2022-10-28,110.8,24277122.845000003
6887.305,2022-10-29,95.7,24284010.150000002
1059.749,2022-10-30,130.8,24285069.899000004
14267.932999999999,2022-10-31,89.2,24299337.832000002
16622.432,2022-11-01,79.3,24315960.264000002
42161.707,2022-11-02,99.4,24358121.971
29932.02,2022-11-03,81.2,24388053.991
18475.103,2022-11-04,42.4,24406529.094
3026.891,2022-11-05,78.1,24409555.985
622.431,2022-11-06,97.1,24410178.416
22780.966,2022-11-07,71.5,24432959.382
19661.877,2022-11-08,103.7,24452621.259
20263.198,2022-11-09,58.9,24472884.457
17664.96,2022-11-10,94.8,24490549.417
17693.192,2022-11-11,74.6,24508242.609
3885.864,2022-11-12,71.3,24512128.473
851.361,2022-11-13,93.1,24512979.834000003
21631.291,2022-11-14,79.5,24534611.125000004
29498.767,2022-11-15,87.4,24564109.892000005
22172.242,2022-11-16,37.1,24586282.134000003
15387.649,2022-11-17,31.2,24601669.783000004
14112.769,2022-11-18,28.9,24615782.552000005
2700.861,2022-11-19,43.9,24618483.413000006
1080.73,2022-11-20,38.0,24619564.143000007
23617.521,2022-11-21,49.3,24643181.66400001
15151.156,2022-11-22,31.7,24658332.820000008
51083.989,2022-11-23,70.1,24709416.809000008
26615.972,2022-11-24,39.0,24736032.781000007
32360.561,2022-11-25,44.8,24768393.342000008
2921.089,2022-11-26,39.1,24771314.43100001
785.488,2022-11-27,49.4,24772099.91900001
56959.673,2022-11-28,22.4,24829059.59200001
58152.286,2022-11-29,15.2,24887211.87800001
57182.926999999996,2022-11-30,18.1,24944394.80500001
35499.389,2022-12-01,16.7,24979894.19400001
10405.015,2022-12-02,8.4,24990299.20900001
1267.708,2022-12-03,8.2,24991566.91700001
431.535,2022-12-04,11.3,24991998.45200001
38392.012,2022-12-05,9.1,25030390.46400001
19659.423,2022-12-06,14.9,25050049.88700001
42386.629,2022-12-07,29.8,25092436.51600001
22582.069,2022-12-08,27.3,25115018.58500001
23084.549,2022-12-09,21.5,25138103.134000007
1766.4950000000001,2022-12-10,14.9,25139869.629000008
390.17,2022-12-11,11.9,25140259.79900001
15348.19,2022-12-12,26.1,25155607.98900001
15274.976,2022-12-13,34.7,25170882.96500001
24186.608,2022-12-14,16.1,25195069.57300001
23102.013,2022-12-15,21.5,25218171.58600001
15758.429,2022-12-16,17.0,25233930.01500001
1279.082,2022-12-17,16.0,25235209.09700001
481.245,2022-12-18,17.5,25235690.34200001
21773.406,2022-12-19,6.8,25257463.74800001
45455.242999999995,2022-12-20,12.3,25302918.99100001
35599.725,2022-12-21,14.6,25338518.716000013
37755.918,2022-12-22,19.7,25376274.634000015
6799.749,2022-12-23,12.8,25383074.383000016
2644.3199999999997,2022-12-24,29.5,25385718.703000017
92.729,2022-12-25,39.3,25385811.432000015
157.95,2022-12-26,16.4,25385969.382000014
3533.616,2022-12-27,52.8,25389502.998000015
3727.308,2022-12-28,33.3,25393230.306000013
2400.346,2022-12-29,33.5,25395630.652000014
6103.745,2022-12-30,52.3,25401734.397000015
1426.596,2022-12-31,36.1,25403160.993000016
25667.958,2023-01-01,43.5,25428828.951000016
57534.859,2023-01-02,33.72,25486363.810000017
31728.517,2023-01-03,44.22,25518092.32700002
30897.623,2023-01-04,13.44,25548989.950000018
27749.184,2023-01-05,22.45,25576739.13400002
16937.402000000002,2023-01-06,29.55,25593676.536000017
4644.146,2023-01-07,46.06,25598320.68200002
2362.14,2023-01-08,23.0,25600682.82200002
58347.745,2023-01-09,25.82,25659030.56700002
47964.425,2023-01-10,29.04,25706994.99200002
34403.525,2023-01-11,18.9,25741398.51700002
42784.642,2023-01-12,19.12,25784183.15900002
32550.019,2023-01-13,35.8,25816733.17800002
5519.72,2023-01-14,30.16,25822252.89800002
4681.845,2023-01-15,24.32,25826934.74300002
78111.15699999999,2023-01-16,50.7,25905045.90000002
44104.314,2023-01-17,59.15,25949150.21400002
44941.357,2023-01-18,33.22,25994091.57100002
50851.773,2023-01-19,35.66,26044943.34400002
34938.19,2023-01-20,24.73,26079881.53400002
4878.571,2023-01-21,16.21,26084760.10500002
774.96,2023-01-22,7.6,26085535.06500002
38296.228,2023-01-23,13.28,26123831.29300002
27937.128,2023-01-24,13.38,26151768.42100002
64788.95,2023-01-25,7.72,26216557.371000018
46753.642,2023-01-26,10.63,26263311.01300002
41247.162,2023-01-27,17.26,26304558.17500002
4682.796,2023-01-28,23.91,26309240.97100002
1009.544,2023-01-29,30.56,26310250.51500002
39780.424,2023-01-30,31.34,26350030.939000018
53611.917,2023-01-31,26.84,26403642.856000017
53501.053,2023-02-01,23.94,26457143.909000017
31840.586,2023-02-02,27.66,26488984.495000016
28545.39,2023-02-03,19.93,26517529.885000017
5497.851,2023-02-04,69.76,26523027.736000016
1150.757,2023-02-05,41.51,26524178.493000016
33090.091,2023-02-06,45.48,26557268.584000014
45064.3,2023-02-07,121.38,26602332.884000015
41337.436,2023-02-08,137.49,26643670.320000015
40364.106,2023-02-09,126.34,26684034.426000014
30715.145,2023-02-10,97.49,26714749.571000014
5397.053,2023-02-11,47.31,26720146.624000013
2116.7019999999998,2023-02-12,50.84,26722263.326000012
30785.825,2023-02-13,71.86,26753049.15100001
65431.747,2023-02-14,81.74,26818480.898000013
47535.752,2023-02-15,99.01,26866016.650000013
102464.69900000001,2023-02-16,97.21,26968481.349000014
33695.567,2023-02-17,33.41,27002176.916000016
5705.44,2023-02-18,40.66,27007882.356000017
1656.506,2023-02-19,66.6,27009538.86200002
26052.131,2023-02-20,100.32,27035590.99300002
75278.381,2023-02-21,96.96,27110869.37400002
32927.983,2023-02-22,105.97,27143797.35700002
35124.334,2023-02-23,49.41,27178921.69100002
30567.41,2023-02-24,44.79,27209489.10100002
6263.275,2023-02-25,69.8,27215752.376000017
1638.307,2023-02-26,88.62,27217390.683000017
46076.753000000004,2023-02-27,112.19,27263467.436000016
40380.063,2023-02-28,157.87,27303847.499000017
102660.974,2023-03-01,177.81,27406508.473000016
54276.685,2023-03-02,155.73,27460785.158000015
41973.274,2023-03-03,110.5,27502758.432000015
6108.891,2023-03-04,75.12,27508867.323000014
1918.912,2023-03-05,59.72,27510786.235000014
41162.577,2023-03-06,67.32,27551948.812000014
30064.453,2023-03-07,87.17,27582013.265000015
32040.711,2023-03-08,43.65,27614053.976000015
46794.332,2023-03-09,69.86,27660848.308000013
37210.013,2023-03-10,73.36,27698058.321000014
6887.887,2023-03-11,113.32,27704946.20800001
1780.454,2023-03-12,79.02,27706726.66200001
59162.606,2023-03-13,98.08,27765889.26800001
40785.854,2023-03-14,79.8,27806675.12200001
48533.924,2023-03-15,140.27,27855209.046000008
41378.413,2023-03-16,199.76,27896587.459000006
34987.171,2023-03-17,169.74,27931574.630000006
11600.506,2023-03-18,177.18,27943175.136000007
2292.081,2023-03-19,121.33,27945467.217000008
39457.569,2023-03-20,82.12,27984924.786000006
35454.006,2023-03-21,118.48,28020378.792000007
135240.324,2023-03-22,167.85,28155619.116000008
53237.299,2023-03-23,87.63,28208856.415000007
33014.459,2023-03-24,91.65,28241870.874000005
6950.132,2023-03-25,133.23,28248821.006000005
1760.915,2023-03-26,98.82,28250581.921000004
45123.365,2023-03-27,168.97,28295705.286000002
37882.341,2023-03-28,193.05,28333587.627
53132.736,2023-03-29,112.09,28386720.363
101063.843,2023-03-30,96.39,28487784.206
60504.324,2023-03-31,99.85,28548288.53
48884.022000000004,2023-04-01,77.24,28597172.552
2634.091,2023-04-02,110.34,28599806.643
67181.594,2023-04-03,203.81,28666988.237
61747.935000000005,2023-04-04,251.56,28728736.172
99936.821,2023-04-05,252.43,28828672.992999997
74545.868,2023-04-06,258.2,28903218.860999998
3823.83,2023-04-07,165.14,28907042.690999996
5417.715,2023-04-08,85.6,28912460.405999996
706.715,2023-04-09,208.25,28913167.120999996
4919.33,2023-04-10,249.44,28918086.450999994
36425.183,2023-04-11,166.3,28954511.633999992
65020.248999999996,2023-04-12,123.99,29019531.882999994
36464.977,2023-04-13,152.32,29055996.859999996
41317.645,2023-04-14,161.2,29097314.504999995
9530.184,2023-04-15,85.16,29106844.688999996
6527.649,2023-04-16,83.57,29113372.337999996
71919.366,2023-04-17,156.65,29185291.703999996
47104.852,2023-04-18,135.82,29232396.555999998
40160.639,2023-04-19,191.45,29272557.194999997
44824.415,2023-04-20,129.77,29317381.609999996
61527.205,2023-04-21,263.92,29378908.814999994
8709.398,2023-04-22,249.82,29387618.212999992
2764.803,2023-04-23,188.31,29390383.01599999
40411.494,2023-04-24,146.07,29430794.50999999
64497.008,2023-04-25,149.47,29495291.51799999
60014.721,2023-04-26,214.58,29555306.238999993
47946.968,2023-04-27,247.66,29603253.20699999
81699.97,2023-04-28,114.78,29684953.17699999
13781.801,2023-04-29,153.87,29698734.97799999
5882.962,2023-04-30,283.26,29704617.93999999
25244.237,2023-05-01,210.82,29729862.17699999
91492.605,2023-05-02,178.75,29821354.78199999
52847.123,2023-05-03,297.05,29874201.90499999
61107.566,2023-05-04,307.0,29935309.47099999
41289.445999999996,2023-05-05,225.67,29976598.91699999
8701.113,2023-05-06,198.8,29985300.02999999
2193.863,2023-05-07,214.4,29987493.89299999
44520.736,2023-05-08,222.69,30032014.628999993
56676.89,2023-05-09,259.34,30088691.518999994
65138.856999999996,2023-05-10,159.97,30153830.375999995
50079.632,2023-05-11,135.84,30203910.007999994
63865.886,2023-05-12,194.74,30267775.893999994
7348.482,2023-05-13,223.22,30275124.375999995
1618.279,2023-05-14,217.92,30276742.654999994
61051.384,2023-05-15,224.0,30337794.038999993
63956.09,2023-05-16,158.78,30401750.128999993
83119.411,2023-05-17,249.53,30484869.53999999
4272.401,2023-05-18,288.94,30489141.940999992
30519.033,2023-05-19,248.08,30519660.973999992
8484.465,2023-05-20,232.87,30528145.438999992
1863.662,2023-05-21,265.58,30530009.100999992
43528.082,2023-05-22,280.5,30573537.18299999
47904.708,2023-05-23,157.45,30621441.89099999
116145.985,2023-05-24,199.85,30737587.87599999
61481.22,2023-05-25,292.53,30799069.09599999
45469.583,2023-05-26,325.48,30844538.67899999
7472.881,2023-05-27,343.29,30852011.55999999
1945.172,2023-05-28,329.57,30853956.73199999
5128.581,2023-05-29,326.33,30859085.31299999
61989.944,2023-05-30,313.68,30921075.256999988
56541.488,2023-05-31,345.29,30977616.74499999
123326.713,2023-06-01,305.79,31100943.45799999
41451.649,2023-06-02,304.62,31142395.10699999
21232.393,2023-06-03,347.97,31163627.49999999
1916.486,2023-06-04,340.68,31165543.98599999
50951.739,2023-06-05,311.04,31216495.72499999
56512.298,2023-06-06,253.16,31273008.02299999
64902.211,2023-06-07,268.61,31337910.23399999
20326.936999999998,2023-06-08,272.7,31358237.17099999
33091.657,2023-06-09,318.13,31391328.82799999
8838.431,2023-06-10,305.64,31400167.258999992
1816.201,2023-06-11,331.98,31401983.459999993
45993.494,2023-06-12,339.48,31447976.953999992
56184.537000000004,2023-06-13,343.67,31504161.490999993
43755.61,2023-06-14,305.84,31547917.100999992
84168.332,2023-06-15,283.36,31632085.43299999
55173.478,2023-06-16,242.51,31687258.91099999
9385.325,2023-06-17,294.73,31696644.23599999
2385.303,2023-06-18,301.51,31699029.53899999
44443.642,2023-06-19,235.06,31743473.18099999
47302.486,2023-06-20,261.79,31790775.666999992
44567.199,2023-06-21,255.5,31835342.865999993
64031.245,2023-06-22,249.85,31899374.110999994
54876.851,2023-06-23,158.03,31954250.961999994
9319.960000000001,2023-06-24,314.28,31963570.921999995
2438.795,2023-06-25,318.59,31966009.716999996
45542.249,2023-06-26,284.83,32011551.966
108335.002,2023-06-27,243.57,32119886.968
57366.78,2023-06-28,250.76,32177253.748
63504.934,2023-06-29,233.44,32240758.682
85416.352,2023-06-30,164.84,32326175.034
30629.042,2023-07-01,193.6,32356804.076
2999.419,2023-07-02,247.97,32359803.495
58590.799,2023-07-03,230.28,32418394.294
93204.704,2023-07-04,279.1,32511598.998
69564.791,2023-07-05,228.92,32581163.789
87468.118,2023-07-06,300.71,32668631.907
106350.852,2023-07-07,353.99,32774982.759000003
9377.732,2023-07-08,323.93,32784360.491000004
2074.16,2023-07-09,311.42,32786434.651000004
44696.852,2023-07-10,253.7,32831131.503000006
52806.945999999996,2023-07-11,320.61,32883938.449000005
78773.84,2023-07-12,244.62,32962712.289000005
64642.899,2023-07-13,257.04,33027355.188000005
46352.163,2023-07-14,286.3,33073707.351000004
12047.518,2023-07-15,263.36,33085754.869000003
2379.446,2023-07-16,267.59,33088134.315
50152.897,2023-07-17,271.07,33138287.212
51999.914,2023-07-18,289.74,33190287.126000002
128627.055,2023-07-19,239.15,33318914.181
68181.343,2023-07-20,262.66,33387095.524
46540.991,2023-07-21,190.06,33433636.515
7242.983,2023-07-22,251.21,33440879.498
1992.057,2023-07-23,199.04,33442871.555
50793.227,2023-07-24,176.8,33493664.782
55793.07,2023-07-25,174.52,33549457.852
55352.617,2023-07-26,218.05,33604810.469000004
55557.354,2023-07-27,122.84,33660367.82300001
50132.504,2023-07-28,170.97,33710500.32700001
6868.138,2023-07-29,193.57,33717368.465
2347.897,2023-07-30,216.78,33719716.362
49073.771,2023-07-31,156.98,33768790.133
89163.636,2023-08-01,165.32,33857953.769
58879.406,2023-08-02,137.96,33916833.175000004
74389.487,2023-08-03,202.04,33991222.66200001
67777.471,2023-08-04,185.01,34059000.13300001
7249.793,2023-08-05,188.52,34066249.92600001
1794.76,2023-08-06,139.14,34068044.686000004
39468.443,2023-08-07,161.41,34107513.12900001
48943.506,2023-08-08,218.87,34156456.635000005
38897.725,2023-08-09,191.41,34195354.36000001
92668.211,2023-08-10,291.84,34288022.57100001
60954.777,2023-08-11,302.45,34348977.34800001
6642.103,2023-08-12,181.41,34355619.45100001
1686.916,2023-08-13,226.83,34357306.36700001
44634.32,2023-08-14,253.84,34401940.687000014
39146.278,2023-08-15,221.71,34441086.96500001
62551.583,2023-08-16,234.26,34503638.54800001
41190.4,2023-08-17,193.3,34544828.94800001
36277.764,2023-08-18,279.29,34581106.712000005
6341.469,2023-08-19,243.08,34587448.181
2147.312,2023-08-20,274.2,34589595.493
50665.194,2023-08-21,272.26,34640260.687
60516.347,2023-08-22,254.81,34700777.034
48931.836,2023-08-23,275.53,34749708.870000005
53226.638,2023-08-24,228.3,34802935.508
46495.581,2023-08-25,145.19,34849431.089
7635.43,2023-08-26,189.53,34857066.519
1535.619,2023-08-27,108.61,34858602.138000004
42756.396,2023-08-28,121.85,34901358.534
38834.799,2023-08-29,107.97,34940193.333000004
44625.382,2023-08-30,169.22,34984818.715
69550.759,2023-08-31,190.81,35054369.47400001
59147.113,2023-09-01,163.35,35113516.587000005
5580.34,2023-09-02,232.44,35119096.92700001
1659.433,2023-09-03,213.86,35120756.36000001
47636.222,2023-09-04,279.07,35168392.58200001
37029.133,2023-09-05,274.13,35205421.71500001
79619.446,2023-09-06,276.01,35285041.16100001
47247.103,2023-09-07,281.68,35332288.26400001
47110.36,2023-09-08,276.36,35379398.62400001
7839.97,2023-09-09,268.05,35387238.59400001
2415.935,2023-09-10,254.99,35389654.529000014
45974.683,2023-09-11,255.71,35435629.21200001
50256.056000000004,2023-09-12,207.11,35485885.268000014
42757.476,2023-09-13,115.29,35528642.74400002
37621.534,2023-09-14,212.77,35566264.27800002
40175.672,2023-09-15,253.76,35606439.95000002
10832.211,2023-09-16,244.22,35617272.16100002
1716.086,2023-09-17,213.87,35618988.24700002
66827.363,2023-09-18,116.9,35685815.61000002
48073.507,2023-09-19,185.29,35733889.11700002
46367.01,2023-09-20,218.56,35780256.12700002
38998.11,2023-09-21,180.5,35819254.23700002
37687.634,2023-09-22,96.51,35856941.87100002
18593.393,2023-09-23,155.74,35875535.26400002
1427.39,2023-09-24,217.25,35876962.65400002
36467.794,2023-09-25,236.41,35913430.44800002
51294.46,2023-09-26,225.98,35964724.90800002
71363.802,2023-09-27,211.2,36036088.71000002
40003.551,2023-09-28,203.2,36076092.26100002
99281.442,2023-09-29,142.9,36175373.703000024
10401.545,2023-09-30,171.98,36185775.248000026
20392.498,2023-10-01,182.67,36206167.74600003
27319.833,2023-10-02,194.47,36233487.579000026
2586.528,2023-10-03,122.37,36236074.10700002
57839.324,2023-10-04,165.1,36293913.431000024
68432.812,2023-10-05,122.83,36362346.24300002
70029.79000000001,2023-10-06,164.6,36432376.03300002
7419.659,2023-10-07,104.22,36439795.692000024
1348.862,2023-10-08,113.02,36441144.55400003
69678.585,2023-10-09,62.39,36510823.13900003
125312.872,2023-10-10,144.66,36636136.01100003
45596.388,2023-10-11,167.83,36681732.39900003
63836.394,2023-10-12,74.77,36745568.79300003
70935.673,2023-10-13,125.43,36816504.46600003
6913.864,2023-10-14,106.89,36823418.33000003
3015.529,2023-10-15,116.28,36826433.85900003
66791.507,2023-10-16,145.05,36893225.36600003
54455.032,2023-10-17,121.82,36947680.398000024
50966.723,2023-10-18,130.17,36998647.12100002
52865.655,2023-10-19,52.13,37051512.77600002
48296.161,2023-10-20,36.43,37099808.93700002
20576.783,2023-10-21,110.65,37120385.72000002
1782.8,2023-10-22,118.08,37122168.52000002
46827.008,2023-10-23,106.36,37168995.52800002
46314.94,2023-10-24,29.16,37215310.46800002
56245.151,2023-10-25,88.15,37271555.61900002
55470.045,2023-10-26,44.63,37327025.66400002
68639.667,2023-10-27,47.43,37395665.33100002
5675.957,2023-10-28,73.64,37401341.288000025
1481.493,2023-10-29,65.68,37402822.781000026
71897.556,2023-10-30,78.94,37474720.33700003
96009.107,2023-10-31,48.96,37570729.44400003
27218.844,2023-11-01,91.72,37597948.288000025
69729.99799999999,2023-11-02,35.55,37667678.28600003
60234.681,2023-11-03,51.49,37727912.96700003
5423.585,2023-11-04,87.45,37733336.55200003
1873.789,2023-11-05,48.31,37735210.34100003
35176.726,2023-11-06,81.1,37770387.06700003
52922.943,2023-11-07,64.12,37823310.010000035
32759.455,2023-11-08,74.05,37856069.46500003
99783.478,2023-11-09,49.66,37955852.94300003
31742.149,2023-11-10,55.25,37987595.09200003
12536.261,2023-11-11,52.57,38000131.35300003
2205.71,2023-11-12,56.79,38002337.06300003
62711.324,2023-11-13,26.73,38065048.38700003
40812.835,2023-11-14,30.58,38105861.22200003
35522.988,2023-11-15,48.66,38141384.21000003
56609.789,2023-11-16,41.54,38197993.99900003
38674.228,2023-11-17,43.33,38236668.22700003
5334.153,2023-11-18,48.0,38242002.380000025
1300.741,2023-11-19,49.08,38243303.12100002
50481.566,2023-11-20,42.67,38293784.68700002
152612.584,2023-11-21,28.62,38446397.27100002
60901.62,2023-11-22,47.61,38507298.89100002
34461.789,2023-11-23,37.42,38541760.680000015
46251.354,2023-11-24,36.14,38588012.03400002
8931.976,2023-11-25,28.44,38596944.01000002
1220.376,2023-11-26,33.55,38598164.38600002
38262.638,2023-11-27,20.81,38636427.02400002
46177.568,2023-11-28,13.18,38682604.59200002
28521.051,2023-11-29,18.1,38711125.64300002
82130.408,2023-11-30,13.69,38793256.05100002
44677.103,2023-12-01,5.34,38837933.15400002
3875.2400000000002,2023-12-02,7.6,38841808.39400002
1503.435,2023-12-03,18.5,38843311.829000026
77557.955,2023-12-04,5.44,38920869.784000024
23550.265,2023-12-05,11.68,38944420.049000025
143153.169,2023-12-06,7.5,39087573.218000025
55525.933,2023-12-07,32.49,39143099.15100002
25825.762,2023-12-08,9.89,39168924.913000025
3128.005,2023-12-09,23.98,39172052.91800003
1503.174,2023-12-10,26.37,39173556.09200003
53713.335,2023-12-11,22.48,39227269.42700003
33031.972,2023-12-12,23.85,39260301.399000034
32337.639,2023-12-13,23.67,39292639.03800003
35244.468,2023-12-14,16.43,39327883.506000035
37284.86,2023-12-15,20.7,39365168.366000034
3049.6910000000003,2023-12-16,39.41,39368218.05700003
724.468,2023-12-17,55.17,39368942.525000036
29579.648,2023-12-18,60.15,39398522.17300004
32757.8,2023-12-19,39.3,39431279.973000035
56472.136,2023-12-20,25.94,39487752.109000035
46465.1,2023-12-21,7.69,39534217.209000036
12659.118,2023-12-22,17.54,39546876.32700004
1406.8509999999999,2023-12-23,10.2,39548283.17800004
123.688,2023-12-24,10.62,39548406.86600004
169.445,2023-12-25,28.89,39548576.31100004
631.7900000000001,2023-12-26,29.84,39549208.10100004
16172.175000000001,2023-12-27,51.65,39565380.27600004
6311.224,2023-12-28,32.45,39571691.50000004
5684.739,2023-12-29,30.52,39577376.23900004
2723.25,2023-12-30,47.41,39580099.48900004
952.595,2023-12-31,26.35,39581052.084000036
